Unnamed: 0.1,Unnamed: 0,SNo,X(Epochs),R_i_tl,R_i_vl,|R_i_vl-R_i_tl|,R_i_va,R_i_ak,R_i_ak/k,R_i_mp,R_i_pds,R_i_dsg,R_i_rel_score,SelectionStatus,|R_i_vl-R_i_tl|*R_i_va,R_i_DName
0,0,1,"[ 1  2  3  4  5  6  7  8  9 10 11 12 13 14 15 16 17 18 19 20 21 22 23 24
 25 26 27 28 29 30]","[6.644e-01,1.095e-01,7.950e-02,6.850e-02,2.780e-02,1.930e-02,1.310e-02,
 9.000e-04,4.000e-04,1.000e-04,1.000e-04,1.000e-04,0.000e+00,0.000e+00,
 0.000e+00,0.000e+00,0.000e+00,0.000e+00,0.000e+00,0.000e+00,0.000e+00,
 0.000e+00,0.000e+00,0.000e+00,0.000e+00,0.000e+00,0.000e+00,0.000e+00,
 0.000e+00,0.000e+00]","[0.0922,0.1421,0.146 ,0.1101,0.1532,0.3689,0.141 ,0.1327,0.1326,0.1462,
 0.1533,0.1593,0.1673,0.1849,0.1947,0.2   ,0.2039,0.1998,0.2025,0.2028,
 0.2042,0.2072,0.2087,0.2103,0.2146,0.2138,0.2154,0.2169,0.2186,0.2193]",0.2193,0.97419,5.327,0.17758,3656.1766,"[[[0.01379, 0.00557, 0.00436, 0.00426, 0.00398, 0.0041, 0.00363, 0.00353, 0.00352, 0.00356, 0.00366, 0.00382, 0.00374, 0.00386, 0.00391, 0.00398, 0.00404, 0.00408, 0.00414, 0.00421, 0.00421, 0.0042, 0.00427, 0.00424, 0.00427, 0.0043, 0.00432, 0.00435, 0.00438, 0.00442, 0.00445, 0.00453, 0.00456, 0.00459, 0.00464, 0.00464, 0.00466, 0.00466, 0.00469, 0.0047, 0.00469, 0.00471, 0.00473, 0.00472, 0.00469, 0.00467, 0.00465, 0.00464, 0.0046, 0.00459, 0.00457, 0.00457, 0.00457, 0.00455, 0.00458, 0.00456, 0.00457, 0.0046, 0.00464, 0.0046, 0.0046, 0.00459, 0.00461, 0.00463, 0.00462, 0.00463, 0.00465, 0.00464, 0.00464, 0.00465, 0.00469, 0.00488, 0.0047, 0.00484, 0.00473, 0.00468, 0.00468, 0.0047, 0.00468, 0.0047, 0.00469, 0.00466, 0.00464, 0.00466, 0.00463, 0.00463, 0.00464, 0.00465, 0.00465, 0.00465, 0.00466, 0.00467, 0.00468, 0.00469, 0.0047, 0.00472, 0.00475, 0.00475, 0.00479, 0.00482, 0.00483, 0.00486, 0.00487, 0.0049, 0.00491, 0.0049, 0.00488, 0.00485, 0.00483, 0.00482, 0.00481, 0.00482, 0.00482, 0.00482, 0.00481, 0.0048, 0.00476, 0.00475, 0.00473, 0.00471, 0.00472, 0.00485, 0.00472, 0.0047, 0.0047, 0.0047, 0.00467, 0.00466, 0.00465, 0.00463, 0.00463, 0.00461, 0.00461, 0.00458, 0.00455, 0.00453, 0.00452, 0.0045, 0.00449, 0.00447, 0.00446, 0.00443, 0.0044, 0.00436, 0.00432, 0.00429, 0.00427, 0.00425, 0.00422, 0.00421, 0.00419, 0.00418, 0.00417, 0.00415, 0.00413, 0.00408, 0.00404, 0.00403, 0.00401, 0.00396, 0.00393, 0.00389, 0.00386, 0.00385, 0.00381, 0.00378, 0.00376, 0.00372, 0.00372, 0.00367, 0.00361, 0.0036, 0.00358, 0.00354, 0.00351, 0.00347, 0.00343, 0.00337, 0.00332, 0.00327, 0.00325, 0.00321, 0.00319, 0.00315, 0.00314, 0.00307, 0.00305, 0.00302, 0.00299, 0.00295, 0.00293, 0.0029, 0.00286, 0.00282, 0.00281, 0.00278, 0.00274, 0.00269, 0.00265, 0.00261, 0.00259, 0.00254, 0.00252, 0.0025, 0.00249, 0.00247, 0.00245, 0.00242, 0.00236, 0.00232, 0.00228, 0.00226, 0.00224, 0.00222, 0.00218, 0.00216, 0.00214, 0.00211, 0.00208, 0.00205, 0.00204, 0.00201, 0.00199, 0.00196, 0.00194, 0.00193, 0.00198, 0.00197, 0.00192, 0.00187, 0.00188, 0.00181, 0.00185, 0.0019, 0.00175, 0.00189, 0.00196, 0.00169, 0.00192, 0.00188, 0.00168, 0.00197, 0.00208, 0.0018, 0.00183, 0.00175, 0.00178, 0.00206, 0.00193, 0.0021, 0.00234, 0.00269, 0.00303, 0.00357, 0.00465, 0.01696], [0.01083, 0.00423, 0.00356, 0.00368, 0.00356, 0.00362, 0.00341, 0.00342, 0.00345, 0.0035, 0.00359, 0.00385, 0.00386, 0.00394, 0.004, 0.0041, 0.00412, 0.0042, 0.00427, 0.00437, 0.00447, 0.00453, 0.00462, 0.00464, 0.00468, 0.00473, 0.00478, 0.00483, 0.00487, 0.00492, 0.00498, 0.00506, 0.0051, 0.00511, 0.00512, 0.00514, 0.00516, 0.00516, 0.00516, 0.00517, 0.00517, 0.00518, 0.00521, 0.00523, 0.00524, 0.00524, 0.00527, 0.00527, 0.00529, 0.00532, 0.00537, 0.00533, 0.00535, 0.00538, 0.0054, 0.00539, 0.00539, 0.00542, 0.00544, 0.00544, 0.00546, 0.00546, 0.0055, 0.0055, 0.0055, 0.0055, 0.00551, 0.0055, 0.00553, 0.00555, 0.00556, 0.0057, 0.00575, 0.00557, 0.00555, 0.00556, 0.00554, 0.00555, 0.00557, 0.0056, 0.00561, 0.00562, 0.00561, 0.00564, 0.00565, 0.00567, 0.00569, 0.00572, 0.00577, 0.00581, 0.00585, 0.00584, 0.00584, 0.00579, 0.00576, 0.00572, 0.0057, 0.00569, 0.00568, 0.00567, 0.00567, 0.00565, 0.00562, 0.0056, 0.00557, 0.00554, 0.0055, 0.00546, 0.00541, 0.00538, 0.00535, 0.00533, 0.0053, 0.00528, 0.00529, 0.00529, 0.0053, 0.00528, 0.00528, 0.00541, 0.00526, 0.00525, 0.00524, 0.00519, 0.00516, 0.00511, 0.00508, 0.00505, 0.00503, 0.00501, 0.00499, 0.00497, 0.00493, 0.00487, 0.00481, 0.00475, 0.00468, 0.00464, 0.00461, 0.00458, 0.00455, 0.00451, 0.00448, 0.00443, 0.00438, 0.00435, 0.00435, 0.00435, 0.00435, 0.00432, 0.00431, 0.00428, 0.00426, 0.00425, 0.00421, 0.00414, 0.00404, 0.00393, 0.00381, 0.00369, 0.0036, 0.00355, 0.00351, 0.0035, 0.00348, 0.00346, 0.00339, 0.00333, 0.00326, 0.00319, 0.00314, 0.00312, 0.0031, 0.00306, 0.00303, 0.00299, 0.00293, 0.00287, 0.00284, 0.00282, 0.00279, 0.00278, 0.00273, 0.00267, 0.00259, 0.00254, 0.00249, 0.00247, 0.00245, 0.00242, 0.00235, 0.00231, 0.00226, 0.00221, 0.00218, 0.00214, 0.00211, 0.00209, 0.00205, 0.002, 0.00195, 0.00191, 0.00189, 0.00186, 0.00182, 0.00179, 0.00175, 0.00172, 0.00168, 0.00167, 0.00165, 0.00163, 0.0016, 0.00157, 0.00154, 0.00151, 0.00147, 0.00144, 0.00142, 0.0014, 0.00138, 0.00137, 0.00133, 0.00128, 0.00126, 0.00123, 0.00122, 0.00124, 0.00121, 0.00116, 0.00113, 0.00115, 0.00123, 0.00112, 0.00122, 0.00126, 0.00105, 0.00109, 0.00104, 0.00114, 0.001, 0.00122, 0.00127, 0.00096, 0.00093, 0.00082, 0.00081, 0.00101, 0.00077, 0.00083, 0.00091, 0.00093, 0.00108, 0.00139, 0.00231, 0.00848], [0.03416, 0.01066, 0.01047, 0.00971, 0.00931, 0.00895, 0.00864, 0.00824, 0.00812, 0.00794, 0.00793, 0.00799, 0.00802, 0.00805, 0.00808, 0.00797, 0.00797, 0.00792, 0.00794, 0.00788, 0.00783, 0.00775, 0.00769, 0.00761, 0.00754, 0.00747, 0.00742, 0.00735, 0.00728, 0.00722, 0.00715, 0.00712, 0.00706, 0.00704, 0.00701, 0.00692, 0.0069, 0.00686, 0.00682, 0.00677, 0.00669, 0.00662, 0.00658, 0.00654, 0.00649, 0.00646, 0.00643, 0.00641, 0.0064, 0.00635, 0.00633, 0.00634, 0.00627, 0.00622, 0.00617, 0.00612, 0.00606, 0.00604, 0.00607, 0.0061, 0.00594, 0.00594, 0.00591, 0.00587, 0.00577, 0.00574, 0.00567, 0.00556, 0.00549, 0.00543, 0.00537, 0.00531, 0.00524, 0.0052, 0.00513, 0.0051, 0.00507, 0.00504, 0.005, 0.00497, 0.00492, 0.00488, 0.00485, 0.00481, 0.00478, 0.00474, 0.00471, 0.00465, 0.00459, 0.00455, 0.00449, 0.00444, 0.00442, 0.00439, 0.00435, 0.00432, 0.0043, 0.00429, 0.00426, 0.00423, 0.00419, 0.00414, 0.00411, 0.00407, 0.00404, 0.004, 0.00397, 0.00393, 0.00389, 0.00387, 0.00384, 0.0038, 0.00377, 0.00373, 0.00371, 0.00369, 0.00366, 0.00365, 0.00361, 0.00359, 0.00353, 0.00349, 0.00345, 0.00342, 0.00339, 0.00336, 0.00333, 0.0033, 0.00328, 0.00324, 0.00322, 0.00319, 0.00315, 0.00312, 0.00309, 0.00305, 0.00302, 0.00299, 0.00293, 0.00291, 0.00289, 0.00285, 0.00283, 0.00279, 0.00279, 0.00275, 0.00274, 0.00271, 0.00269, 0.00265, 0.00264, 0.00261, 0.00257, 0.00255, 0.00251, 0.00247, 0.00244, 0.00239, 0.00235, 0.00233, 0.0023, 0.00228, 0.00229, 0.00225, 0.00224, 0.00222, 0.0022, 0.00218, 0.00215, 0.00214, 0.00219, 0.00208, 0.00204, 0.00202, 0.00197, 0.00193, 0.0019, 0.00188, 0.00183, 0.00181, 0.00177, 0.00177, 0.00173, 0.00173, 0.0017, 0.00169, 0.00166, 0.00164, 0.00161, 0.0016, 0.00157, 0.00156, 0.00155, 0.00154, 0.00153, 0.00151, 0.00148, 0.00146, 0.00142, 0.0014, 0.00137, 0.00135, 0.00131, 0.00131, 0.00127, 0.00125, 0.00123, 0.00121, 0.00119, 0.00121, 0.00117, 0.00116, 0.00127, 0.00114, 0.00109, 0.00108, 0.00107, 0.00106, 0.00104, 0.001, 0.001, 0.00098, 0.00102, 0.00101, 0.00098, 0.00097, 0.00096, 0.00095, 0.00093, 0.00092, 0.00091, 0.00089, 0.00088, 0.001, 0.00084, 0.00087, 0.00086, 0.00081, 0.00089, 0.00094, 0.00088, 0.00118, 0.00117, 0.00088, 0.00077, 0.00065, 0.00069, 0.00091, 0.00067, 0.00076, 0.00077, 0.00087, 0.00083, 0.0013, 0.00185, 0.00823]]]",1.189,3654.9876,1,0.21364,
1,1,2,"[ 1  2  3  4  5  6  7  8  9 10 11 12 13 14 15 16 17 18 19 20 21 22 23 24
 25 26 27 28 29 30]","[2.5028e+00,6.6880e-01,6.1970e-01,5.9300e-01,5.5670e-01,4.8080e-01,
 3.4900e-01,1.7800e-01,5.6000e-02,1.7300e-02,4.6300e-02,3.7200e-02,
 2.3500e-02,1.2370e-01,1.4200e-02,3.6000e-03,7.0000e-04,3.0000e-04,
 2.0000e-04,1.0000e-04,1.0000e-04,1.0000e-04,1.0000e-04,1.0000e-04,
 1.0000e-04,0.0000e+00,0.0000e+00,0.0000e+00,0.0000e+00,0.0000e+00]","[0.6784,0.8108,0.602 ,0.6698,0.673 ,0.6878,0.7273,0.9556,1.5001,1.9438,
 1.8975,2.2211,2.4424,1.9297,2.1343,2.7156,2.7204,2.8474,2.913 ,2.955 ,
 2.9952,3.0273,3.057 ,3.0866,3.1026,3.1231,3.1523,3.1942,3.2312,3.2923]",3.2923,0.70306,60.14,2.00468,7.7386,"[[[0.00623, 0.00309, 0.00207, 0.00192, 0.00193, 0.00185, 0.00188, 0.00203, 0.0021, 0.00214, 0.00228, 0.00239, 0.00266, 0.00255, 0.0025, 0.00261, 0.00263, 0.00273, 0.00279, 0.00293, 0.00297, 0.00295, 0.00303, 0.00304, 0.00311, 0.00322, 0.00319, 0.00326, 0.00329, 0.00335, 0.00355, 0.00358, 0.00363, 0.00363, 0.00366, 0.00367, 0.0037, 0.00373, 0.00379, 0.00383, 0.00387, 0.00389, 0.00392, 0.00393, 0.00398, 0.00401, 0.00406, 0.00409, 0.00414, 0.00419, 0.00424, 0.00437, 0.00443, 0.00444, 0.00446, 0.00449, 0.00453, 0.00459, 0.00459, 0.00462, 0.00466, 0.0047, 0.00474, 0.00477, 0.00481, 0.00483, 0.00484, 0.00493, 0.00491, 0.00496, 0.005, 0.00505, 0.00508, 0.00511, 0.00515, 0.00518, 0.00519, 0.00522, 0.00525, 0.00528, 0.0053, 0.00535, 0.00536, 0.00536, 0.0054, 0.00541, 0.00543, 0.00544, 0.00544, 0.00547, 0.00547, 0.00548, 0.0055, 0.00552, 0.00554, 0.00555, 0.00556, 0.00559, 0.0056, 0.0056, 0.00561, 0.00561, 0.00562, 0.00562, 0.00563, 0.00563, 0.00563, 0.00562, 0.00561, 0.0056, 0.0056, 0.00558, 0.00557, 0.00556, 0.00556, 0.00555, 0.00556, 0.00554, 0.00555, 0.00554, 0.00555, 0.00552, 0.00552, 0.00549, 0.00549, 0.00547, 0.00547, 0.00544, 0.00544, 0.00543, 0.00543, 0.00539, 0.00539, 0.00537, 0.00532, 0.00529, 0.00529, 0.00524, 0.00523, 0.00522, 0.00519, 0.00514, 0.00513, 0.0051, 0.00506, 0.00502, 0.00499, 0.00495, 0.00491, 0.00492, 0.0049, 0.00485, 0.00483, 0.00481, 0.00478, 0.00472, 0.0047, 0.00463, 0.00461, 0.00461, 0.00465, 0.00456, 0.00453, 0.00454, 0.00453, 0.00457, 0.0046, 0.0046, 0.00447, 0.00464, 0.00466, 0.00444, 0.0044, 0.0047, 0.0048, 0.00508, 0.00495, 0.00465, 0.00429, 0.00402, 0.0039, 0.00382, 0.00376, 0.00369, 0.00366, 0.00361, 0.00356, 0.00352, 0.00348, 0.00345, 0.00342, 0.00339, 0.00338, 0.00334, 0.0033, 0.00324, 0.0032, 0.00314, 0.00309, 0.00306, 0.00301, 0.00297, 0.00293, 0.00287, 0.00279, 0.00271, 0.00264, 0.00257, 0.00256, 0.00246, 0.0024, 0.00235, 0.0023, 0.00225, 0.00221, 0.00217, 0.00215, 0.0021, 0.00206, 0.00203, 0.00199, 0.00196, 0.00193, 0.00188, 0.00184, 0.00178, 0.00175, 0.00169, 0.00167, 0.0016, 0.00158, 0.00151, 0.00146, 0.00142, 0.00139, 0.00134, 0.00133, 0.00128, 0.00126, 0.00127, 0.00129, 0.00124, 0.00119, 0.00118, 0.00123, 0.00119, 0.00119, 0.00121, 0.00122, 0.00126, 0.00128, 0.00136, 0.00151, 0.0016, 0.00191, 0.00705], [0.00846, 0.00592, 0.00429, 0.00288, 0.00231, 0.0021, 0.00211, 0.00231, 0.0024, 0.00233, 0.00254, 0.00256, 0.00263, 0.00286, 0.00294, 0.00287, 0.00282, 0.00289, 0.00291, 0.003, 0.00306, 0.00311, 0.0032, 0.00325, 0.00334, 0.00339, 0.00352, 0.00372, 0.00388, 0.00376, 0.00387, 0.00388, 0.00395, 0.00404, 0.00408, 0.00411, 0.00416, 0.00418, 0.00424, 0.0043, 0.00436, 0.00441, 0.00447, 0.00452, 0.00458, 0.00462, 0.00464, 0.00467, 0.00469, 0.00472, 0.00476, 0.00487, 0.00491, 0.00495, 0.00496, 0.00499, 0.00501, 0.00502, 0.00507, 0.00509, 0.00513, 0.00518, 0.00521, 0.0053, 0.00529, 0.0053, 0.00532, 0.00533, 0.00532, 0.00533, 0.00535, 0.00535, 0.00536, 0.0054, 0.00546, 0.00544, 0.00546, 0.00546, 0.00547, 0.00549, 0.00551, 0.00552, 0.00552, 0.00554, 0.00554, 0.00557, 0.00558, 0.00558, 0.00559, 0.00558, 0.0056, 0.00561, 0.00562, 0.00562, 0.00561, 0.00562, 0.00563, 0.00565, 0.00566, 0.00568, 0.00569, 0.00569, 0.00571, 0.0057, 0.0057, 0.00571, 0.00571, 0.0057, 0.00568, 0.00565, 0.00565, 0.00565, 0.00565, 0.00564, 0.00563, 0.00561, 0.00559, 0.00558, 0.00557, 0.00557, 0.00557, 0.00558, 0.00556, 0.00554, 0.00552, 0.0055, 0.00549, 0.00548, 0.00545, 0.00543, 0.00542, 0.0054, 0.0054, 0.00539, 0.00537, 0.00535, 0.00533, 0.00529, 0.00527, 0.00526, 0.00522, 0.0052, 0.00518, 0.00515, 0.00512, 0.00508, 0.00505, 0.00501, 0.00497, 0.00492, 0.00488, 0.00485, 0.0048, 0.00476, 0.00473, 0.00469, 0.00467, 0.00461, 0.00457, 0.00453, 0.00448, 0.00443, 0.00439, 0.00433, 0.00428, 0.00425, 0.0042, 0.00417, 0.00412, 0.00408, 0.00404, 0.00398, 0.00395, 0.0039, 0.00386, 0.00382, 0.00378, 0.00371, 0.00364, 0.00358, 0.00353, 0.00348, 0.00344, 0.0034, 0.00335, 0.0033, 0.00324, 0.00318, 0.00314, 0.00309, 0.00305, 0.00301, 0.00298, 0.00294, 0.00293, 0.00295, 0.0029, 0.00286, 0.00284, 0.0028, 0.00278, 0.00276, 0.00277, 0.00269, 0.00261, 0.00252, 0.00244, 0.00237, 0.00227, 0.00216, 0.00209, 0.00202, 0.00196, 0.0019, 0.00183, 0.00178, 0.00174, 0.0017, 0.00163, 0.0016, 0.00155, 0.00151, 0.00146, 0.00142, 0.00138, 0.00133, 0.00129, 0.00124, 0.00122, 0.00117, 0.00116, 0.00111, 0.00108, 0.00104, 0.00101, 0.00098, 0.00095, 0.00091, 0.00088, 0.00085, 0.00082, 0.00079, 0.0008, 0.00075, 0.00073, 0.00072, 0.00073, 0.00071, 0.00071, 0.00075, 0.00078, 0.00084, 0.00096, 0.00116, 0.00148, 0.00478], [0.02822, 0.01092, 0.01029, 0.00911, 0.00799, 0.007, 0.00653, 0.00653, 0.00663, 0.00658, 0.0066, 0.00663, 0.00665, 0.00674, 0.00668, 0.00656, 0.00659, 0.00653, 0.00649, 0.00646, 0.00643, 0.00648, 0.00648, 0.00647, 0.00648, 0.00645, 0.00658, 0.00654, 0.0065, 0.00649, 0.00648, 0.00656, 0.00651, 0.00653, 0.00644, 0.00645, 0.00638, 0.00637, 0.00636, 0.00635, 0.00634, 0.00634, 0.00633, 0.00635, 0.00632, 0.00632, 0.00631, 0.0063, 0.00629, 0.00628, 0.00629, 0.00634, 0.00628, 0.00621, 0.00616, 0.00611, 0.00609, 0.00607, 0.00605, 0.00605, 0.00605, 0.00603, 0.00602, 0.00601, 0.00604, 0.00597, 0.00594, 0.00591, 0.00586, 0.00583, 0.0058, 0.00576, 0.00573, 0.00569, 0.00567, 0.00563, 0.00559, 0.00556, 0.00552, 0.00548, 0.00546, 0.00543, 0.00541, 0.00539, 0.00536, 0.00534, 0.00531, 0.00528, 0.00526, 0.00523, 0.00523, 0.00517, 0.00515, 0.00513, 0.00512, 0.0051, 0.00508, 0.00506, 0.00503, 0.00501, 0.00498, 0.00495, 0.00493, 0.0049, 0.00487, 0.00482, 0.00479, 0.00476, 0.00472, 0.00467, 0.00464, 0.00461, 0.00457, 0.00452, 0.00449, 0.00445, 0.00443, 0.00438, 0.00434, 0.00432, 0.00429, 0.00426, 0.00422, 0.00419, 0.00417, 0.00413, 0.00411, 0.00408, 0.00406, 0.00403, 0.00401, 0.00395, 0.00392, 0.00388, 0.00382, 0.00374, 0.00366, 0.00361, 0.00357, 0.00352, 0.00346, 0.00341, 0.00337, 0.00333, 0.00329, 0.00326, 0.00322, 0.00317, 0.00317, 0.00308, 0.00306, 0.003, 0.00296, 0.00292, 0.00289, 0.00286, 0.00282, 0.00279, 0.00275, 0.00272, 0.0027, 0.00266, 0.00262, 0.00257, 0.00253, 0.00249, 0.00244, 0.00239, 0.00236, 0.00231, 0.00227, 0.00224, 0.00221, 0.00219, 0.00217, 0.00213, 0.0021, 0.00206, 0.00203, 0.00203, 0.00194, 0.0019, 0.00186, 0.00183, 0.0018, 0.00182, 0.00175, 0.00172, 0.00171, 0.00169, 0.00168, 0.00166, 0.00163, 0.00161, 0.00158, 0.00155, 0.00154, 0.00151, 0.0015, 0.00148, 0.00147, 0.00143, 0.00141, 0.00138, 0.00134, 0.00132, 0.00128, 0.00125, 0.00121, 0.00115, 0.0011, 0.00105, 0.00099, 0.00094, 0.00091, 0.00088, 0.00087, 0.00084, 0.00082, 0.0008, 0.00078, 0.00076, 0.00074, 0.00072, 0.00071, 0.00068, 0.00066, 0.00064, 0.00063, 0.00059, 0.00062, 0.00057, 0.00058, 0.00053, 0.00055, 0.0005, 0.00052, 0.00048, 0.00044, 0.00047, 0.00042, 0.00044, 0.00041, 0.00043, 0.00043, 0.0004, 0.00046, 0.00039, 0.00045, 0.00042, 0.00051, 0.00052, 0.00045, 0.00071, 0.00066, 0.00362]]]",0.921,6.8176,0,2.31467,
2,2,3,"[ 1  2  3  4  5  6  7  8  9 10 11 12 13 14 15 16 17 18 19 20 21 22 23 24
 25 26 27 28 29 30]","[0.8959,0.7046,0.7029,0.6981,0.718 ,0.6979,0.7017,0.7038,0.7126,0.7021,
 0.7018,0.7   ,0.7091,0.7038,0.7074,0.7057,0.707 ,0.7003,0.7024,0.7157,
 0.7132,0.7031,0.7142,0.7099,0.7124,0.7168,0.7017,0.7097,0.725 ,0.7012]","[0.6978,0.6975,0.6919,0.6921,0.6891,0.7084,0.689 ,0.6941,0.6941,0.6894,
 0.7097,0.7872,0.7091,0.7062,0.7341,0.695 ,0.6949,0.7022,0.7008,0.6944,
 0.6904,0.6902,0.7592,0.6894,0.7039,0.7151,0.6979,0.6935,0.7   ,0.7023]",0.0011,0.45228,0.545,0.01818,48.0418,"[[[0.00918, 0.00341, 0.00284, 0.00356, 0.00374, 0.00298, 0.00303, 0.00307, 0.00314, 0.00321, 0.0034, 0.00348, 0.00349, 0.00356, 0.00355, 0.00358, 0.00359, 0.0036, 0.00365, 0.00375, 0.00379, 0.00381, 0.00382, 0.00383, 0.00387, 0.00391, 0.00395, 0.00395, 0.00397, 0.004, 0.00401, 0.00401, 0.00404, 0.00407, 0.00409, 0.00412, 0.00414, 0.00418, 0.0042, 0.00423, 0.00428, 0.00428, 0.00431, 0.00434, 0.00435, 0.00439, 0.0044, 0.00442, 0.00445, 0.00446, 0.00455, 0.00451, 0.00453, 0.00461, 0.00457, 0.00458, 0.00466, 0.00464, 0.00465, 0.00472, 0.0047, 0.00467, 0.00464, 0.00464, 0.00466, 0.00467, 0.00465, 0.00467, 0.00468, 0.00467, 0.0047, 0.00472, 0.00471, 0.00473, 0.00473, 0.00475, 0.00474, 0.00474, 0.00482, 0.00474, 0.00474, 0.00475, 0.00491, 0.00475, 0.00479, 0.00504, 0.0048, 0.00481, 0.00517, 0.00482, 0.00484, 0.00493, 0.00534, 0.00487, 0.00493, 0.00519, 0.00491, 0.00491, 0.00509, 0.00493, 0.00495, 0.00534, 0.00509, 0.00499, 0.00509, 0.00558, 0.00496, 0.00499, 0.00534, 0.00521, 0.00501, 0.00548, 0.00517, 0.00499, 0.005, 0.00561, 0.00494, 0.00494, 0.00524, 0.00513, 0.0049, 0.00514, 0.00508, 0.00488, 0.00489, 0.00527, 0.00487, 0.00492, 0.00503, 0.00511, 0.00489, 0.00505, 0.00519, 0.00491, 0.00494, 0.00519, 0.00514, 0.00489, 0.0051, 0.00488, 0.00481, 0.00481, 0.00498, 0.00474, 0.00474, 0.00483, 0.00469, 0.00465, 0.00461, 0.00456, 0.00451, 0.00447, 0.00442, 0.00438, 0.00433, 0.0043, 0.00428, 0.00424, 0.0042, 0.00414, 0.0041, 0.00405, 0.00403, 0.004, 0.00396, 0.00394, 0.00391, 0.0039, 0.00387, 0.00385, 0.00382, 0.00379, 0.00376, 0.00375, 0.00371, 0.00369, 0.00368, 0.00367, 0.00364, 0.00362, 0.00358, 0.00355, 0.00351, 0.0035, 0.00345, 0.00339, 0.00334, 0.0033, 0.00328, 0.00323, 0.00322, 0.00317, 0.00314, 0.00311, 0.00309, 0.00306, 0.00303, 0.00301, 0.00296, 0.00294, 0.00293, 0.00289, 0.00285, 0.00283, 0.00279, 0.00276, 0.00273, 0.00269, 0.00264, 0.0026, 0.00256, 0.00253, 0.00248, 0.00244, 0.00241, 0.00238, 0.00234, 0.00234, 0.00228, 0.00224, 0.00221, 0.00218, 0.00214, 0.0021, 0.00207, 0.00204, 0.00202, 0.00198, 0.00196, 0.00193, 0.00189, 0.00187, 0.00185, 0.0018, 0.00177, 0.00216, 0.00172, 0.00167, 0.00165, 0.00161, 0.00158, 0.00156, 0.00152, 0.0015, 0.0015, 0.00155, 0.00155, 0.00152, 0.00149, 0.00158, 0.00167, 0.00187, 0.00222, 0.0026, 0.00336, 0.01096], [0.00915, 0.00407, 0.00369, 0.00301, 0.0031, 0.00318, 0.00314, 0.00329, 0.00345, 0.00352, 0.00361, 0.00363, 0.00372, 0.00375, 0.00386, 0.00392, 0.00401, 0.00409, 0.00415, 0.00426, 0.00426, 0.00428, 0.0043, 0.00432, 0.00435, 0.00436, 0.00439, 0.00437, 0.00438, 0.00442, 0.00446, 0.00451, 0.00448, 0.00449, 0.00449, 0.0045, 0.00453, 0.00454, 0.00454, 0.00457, 0.00463, 0.00469, 0.00466, 0.00468, 0.00475, 0.00471, 0.0047, 0.00474, 0.0047, 0.00472, 0.00471, 0.00474, 0.00473, 0.00475, 0.00476, 0.00479, 0.00481, 0.00482, 0.00484, 0.00486, 0.00487, 0.0049, 0.00489, 0.00497, 0.00493, 0.00494, 0.00496, 0.00498, 0.00498, 0.00497, 0.00498, 0.00501, 0.00501, 0.00503, 0.00506, 0.00504, 0.00506, 0.00506, 0.00507, 0.00506, 0.00508, 0.00508, 0.00509, 0.00508, 0.00512, 0.00516, 0.00511, 0.00516, 0.00518, 0.00527, 0.00523, 0.00525, 0.00537, 0.00523, 0.00536, 0.00538, 0.00521, 0.00525, 0.00552, 0.00542, 0.00526, 0.00547, 0.00532, 0.00533, 0.00529, 0.00527, 0.00523, 0.00538, 0.00534, 0.00532, 0.00558, 0.00549, 0.00541, 0.00524, 0.0057, 0.00541, 0.00533, 0.00551, 0.00556, 0.00524, 0.00543, 0.00565, 0.00522, 0.00516, 0.00544, 0.00533, 0.00511, 0.00524, 0.00529, 0.00509, 0.00517, 0.00527, 0.00508, 0.00511, 0.00532, 0.00524, 0.00507, 0.00522, 0.00527, 0.00499, 0.00496, 0.00511, 0.00508, 0.00493, 0.00496, 0.00486, 0.00483, 0.00479, 0.00474, 0.00469, 0.00464, 0.00459, 0.00454, 0.00447, 0.00442, 0.00436, 0.0043, 0.00426, 0.0042, 0.00413, 0.00406, 0.00402, 0.00396, 0.00392, 0.00388, 0.00383, 0.0038, 0.00375, 0.00372, 0.0037, 0.00367, 0.00364, 0.00361, 0.00357, 0.00352, 0.00347, 0.00343, 0.0034, 0.00336, 0.00335, 0.00333, 0.0033, 0.00326, 0.00322, 0.00317, 0.00313, 0.00311, 0.0031, 0.00305, 0.00302, 0.003, 0.00296, 0.00291, 0.00283, 0.00276, 0.0027, 0.00266, 0.00261, 0.00257, 0.00252, 0.00248, 0.00244, 0.0024, 0.00238, 0.00235, 0.00231, 0.00226, 0.00221, 0.00219, 0.00215, 0.00212, 0.00209, 0.00206, 0.00203, 0.00198, 0.00194, 0.00191, 0.00188, 0.00186, 0.00181, 0.00176, 0.00173, 0.00167, 0.00163, 0.00161, 0.00158, 0.00153, 0.00192, 0.00145, 0.00143, 0.0014, 0.00138, 0.00137, 0.00136, 0.00137, 0.00137, 0.00131, 0.00125, 0.00126, 0.00118, 0.00115, 0.00111, 0.00107, 0.00105, 0.00104, 0.00103, 0.001, 0.00097, 0.00104, 0.001, 0.00107, 0.00117, 0.00138, 0.00183, 0.0023, 0.00503], [0.02155, 0.00587, 0.00679, 0.00653, 0.00611, 0.00634, 0.00603, 0.00602, 0.00599, 0.00602, 0.00603, 0.00609, 0.00611, 0.00611, 0.0062, 0.00627, 0.00624, 0.00628, 0.00625, 0.00634, 0.00628, 0.00628, 0.00623, 0.00622, 0.00621, 0.0062, 0.00625, 0.00622, 0.00622, 0.00622, 0.00622, 0.00619, 0.00619, 0.00617, 0.00617, 0.00618, 0.00623, 0.00618, 0.00617, 0.00616, 0.00617, 0.0061, 0.00607, 0.00605, 0.00608, 0.00601, 0.00597, 0.00601, 0.00593, 0.00591, 0.00594, 0.00587, 0.00584, 0.00583, 0.00582, 0.0058, 0.00576, 0.00579, 0.00575, 0.00573, 0.00571, 0.00568, 0.00567, 0.00561, 0.00562, 0.00558, 0.00556, 0.00554, 0.00553, 0.00551, 0.0055, 0.00548, 0.00546, 0.00544, 0.00544, 0.0054, 0.00537, 0.00532, 0.0053, 0.00526, 0.00525, 0.00523, 0.00519, 0.00521, 0.00516, 0.00512, 0.00512, 0.00508, 0.0051, 0.00507, 0.00503, 0.00504, 0.00495, 0.00494, 0.0049, 0.00501, 0.00488, 0.00485, 0.00508, 0.0048, 0.00482, 0.00495, 0.00475, 0.00481, 0.00471, 0.00489, 0.00481, 0.00466, 0.00475, 0.00462, 0.00487, 0.00472, 0.00455, 0.00475, 0.00447, 0.00463, 0.00446, 0.00438, 0.00473, 0.00433, 0.00442, 0.00427, 0.00456, 0.00458, 0.00417, 0.00448, 0.00412, 0.00452, 0.00432, 0.00403, 0.00452, 0.00394, 0.00417, 0.00426, 0.00399, 0.004, 0.00381, 0.00405, 0.00387, 0.00373, 0.00397, 0.00367, 0.00389, 0.00379, 0.00359, 0.00376, 0.0035, 0.00371, 0.00341, 0.00361, 0.00364, 0.0033, 0.00337, 0.00322, 0.00338, 0.00314, 0.00309, 0.00308, 0.00301, 0.00296, 0.00291, 0.00287, 0.00284, 0.0028, 0.00279, 0.00275, 0.00273, 0.00269, 0.00266, 0.00264, 0.00262, 0.00262, 0.00261, 0.00259, 0.00255, 0.00253, 0.00252, 0.00252, 0.0025, 0.00245, 0.0024, 0.00235, 0.00229, 0.00227, 0.00225, 0.00227, 0.00221, 0.00217, 0.00214, 0.00211, 0.0021, 0.00252, 0.00205, 0.00202, 0.00197, 0.00194, 0.0019, 0.00187, 0.00184, 0.00181, 0.00179, 0.00178, 0.00177, 0.00173, 0.00166, 0.00166, 0.00163, 0.00148, 0.00151, 0.00142, 0.00145, 0.00137, 0.00138, 0.00132, 0.00129, 0.00128, 0.00126, 0.00121, 0.00122, 0.00119, 0.0012, 0.00117, 0.00113, 0.00113, 0.00109, 0.00104, 0.00102, 0.00099, 0.00097, 0.00093, 0.00093, 0.00091, 0.0009, 0.0009, 0.00091, 0.00093, 0.00087, 0.00086, 0.00083, 0.00082, 0.00083, 0.00081, 0.00076, 0.00077, 0.00074, 0.0007, 0.0008, 0.00072, 0.00079, 0.00074, 0.00087, 0.00093, 0.00087, 0.0011, 0.00093, 0.00375]]]",0.928,47.1138,0,0.0005,
3,3,4,"[ 1  2  3  4  5  6  7  8  9 10 11 12 13 14 15 16 17 18 19 20 21 22 23 24
 25 26 27 28 29 30]","[9.842e-01,5.913e-01,5.080e-01,4.839e-01,3.571e-01,2.579e-01,1.700e-01,
 9.090e-02,2.434e-01,1.612e-01,3.450e-02,1.580e-02,1.080e-02,3.800e-03,
 3.200e-03,5.000e-04,2.000e-04,2.000e-04,1.000e-04,1.000e-04,1.000e-04,
 1.000e-04,1.000e-04,1.000e-04,0.000e+00,0.000e+00,0.000e+00,0.000e+00,
 0.000e+00,0.000e+00]","[0.6258,0.6104,0.568 ,0.4839,0.4355,0.4472,0.474 ,0.5497,0.7399,0.7754,
 0.751 ,1.1124,1.0384,1.1042,0.9777,1.0398,1.0894,1.1263,1.1515,1.1774,
 1.2028,1.2289,1.2411,1.261 ,1.2905,1.3012,1.3227,1.3327,1.3465,1.3613]",1.3613,0.8098,25.106,0.83687,9.4032,"[[[0.01334, 0.00536, 0.00338, 0.00266, 0.00252, 0.00224, 0.00235, 0.00215, 0.00218, 0.00213, 0.00231, 0.00211, 0.00207, 0.00209, 0.00215, 0.00215, 0.00219, 0.00221, 0.00226, 0.0023, 0.00234, 0.00238, 0.0024, 0.00242, 0.00246, 0.00246, 0.00248, 0.00251, 0.00255, 0.00257, 0.00258, 0.00259, 0.00262, 0.00264, 0.00268, 0.00269, 0.00269, 0.00269, 0.00295, 0.0027, 0.00268, 0.0027, 0.00269, 0.00271, 0.0027, 0.00271, 0.00273, 0.00273, 0.00275, 0.00278, 0.0028, 0.00285, 0.00289, 0.00291, 0.00292, 0.00292, 0.00294, 0.00297, 0.003, 0.00304, 0.00305, 0.00307, 0.00307, 0.0031, 0.00311, 0.00313, 0.00315, 0.00316, 0.00318, 0.00318, 0.0032, 0.00321, 0.00323, 0.00326, 0.00327, 0.00327, 0.0033, 0.00331, 0.00334, 0.00335, 0.00337, 0.00339, 0.00341, 0.00343, 0.00346, 0.00349, 0.0035, 0.00352, 0.00353, 0.00355, 0.00358, 0.00361, 0.00364, 0.00367, 0.00369, 0.00372, 0.00375, 0.00379, 0.00383, 0.00386, 0.00389, 0.00396, 0.00401, 0.00403, 0.00403, 0.00407, 0.00412, 0.00415, 0.00418, 0.0042, 0.00423, 0.00427, 0.00431, 0.00434, 0.00438, 0.00441, 0.00445, 0.00447, 0.00449, 0.00454, 0.00455, 0.00458, 0.00462, 0.00464, 0.00467, 0.0047, 0.00473, 0.00477, 0.0048, 0.00483, 0.00487, 0.00489, 0.00493, 0.00495, 0.00498, 0.00499, 0.00504, 0.00505, 0.00507, 0.00511, 0.00514, 0.00516, 0.00519, 0.00523, 0.00525, 0.00526, 0.00529, 0.00531, 0.00535, 0.00535, 0.00536, 0.00537, 0.00542, 0.00545, 0.00543, 0.00544, 0.00547, 0.00543, 0.00545, 0.00543, 0.00544, 0.00541, 0.00543, 0.00543, 0.00536, 0.00532, 0.00532, 0.00524, 0.00521, 0.00519, 0.00527, 0.00519, 0.00518, 0.00513, 0.00549, 0.0051, 0.00511, 0.0052, 0.00509, 0.00507, 0.00504, 0.00504, 0.00495, 0.00492, 0.00487, 0.00488, 0.00482, 0.00481, 0.0048, 0.00473, 0.00472, 0.00466, 0.00478, 0.00466, 0.00464, 0.00462, 0.00459, 0.00467, 0.00456, 0.00452, 0.00453, 0.00453, 0.00453, 0.00449, 0.00443, 0.00434, 0.00428, 0.00426, 0.0042, 0.00419, 0.00413, 0.00413, 0.00407, 0.00406, 0.00394, 0.00391, 0.00379, 0.00375, 0.00368, 0.00362, 0.00361, 0.00356, 0.00353, 0.00346, 0.00342, 0.00339, 0.00332, 0.00336, 0.0033, 0.0032, 0.00309, 0.003, 0.00304, 0.00298, 0.0029, 0.00284, 0.00281, 0.00281, 0.00291, 0.00312, 0.00267, 0.00268, 0.00273, 0.00247, 0.00251, 0.00294, 0.00233, 0.00248, 0.00249, 0.00247, 0.00253, 0.00258, 0.00281, 0.00342, 0.00406, 0.02008], [0.01503, 0.00556, 0.00348, 0.00294, 0.00281, 0.00274, 0.00283, 0.00271, 0.00273, 0.00269, 0.00291, 0.00271, 0.00275, 0.0028, 0.00285, 0.00287, 0.00291, 0.003, 0.00299, 0.00304, 0.00307, 0.00312, 0.00314, 0.00316, 0.00314, 0.00313, 0.00319, 0.00321, 0.00326, 0.00329, 0.00331, 0.00331, 0.00332, 0.00332, 0.00334, 0.00333, 0.00334, 0.00336, 0.00362, 0.00339, 0.00338, 0.00341, 0.00344, 0.00341, 0.00343, 0.00343, 0.00346, 0.00347, 0.00348, 0.00349, 0.00351, 0.00353, 0.00357, 0.00356, 0.00358, 0.00359, 0.00361, 0.00365, 0.00368, 0.00372, 0.00378, 0.00382, 0.00386, 0.00389, 0.0039, 0.00392, 0.00393, 0.00394, 0.00397, 0.004, 0.00404, 0.00405, 0.00408, 0.0041, 0.00412, 0.00415, 0.00416, 0.00419, 0.00421, 0.00423, 0.00426, 0.00428, 0.0043, 0.00433, 0.00436, 0.00439, 0.00441, 0.00443, 0.00445, 0.00449, 0.00452, 0.00453, 0.00456, 0.00457, 0.00459, 0.00461, 0.00464, 0.00468, 0.00472, 0.00472, 0.00476, 0.00481, 0.00484, 0.00483, 0.00486, 0.0049, 0.00493, 0.00496, 0.005, 0.00503, 0.00504, 0.00507, 0.00509, 0.00511, 0.00512, 0.00514, 0.00517, 0.00517, 0.0052, 0.00524, 0.00524, 0.00526, 0.00528, 0.0053, 0.00532, 0.00531, 0.00531, 0.00535, 0.00536, 0.0054, 0.00544, 0.00545, 0.00544, 0.00544, 0.00543, 0.00542, 0.00543, 0.00542, 0.00542, 0.00543, 0.00546, 0.00546, 0.00548, 0.00545, 0.00543, 0.00543, 0.00539, 0.00536, 0.00537, 0.00533, 0.00527, 0.00526, 0.00526, 0.00523, 0.00523, 0.00522, 0.00523, 0.00519, 0.00516, 0.00513, 0.00511, 0.00509, 0.0051, 0.00499, 0.00496, 0.0049, 0.00487, 0.00486, 0.00478, 0.00472, 0.00468, 0.00462, 0.00456, 0.00452, 0.00444, 0.00471, 0.00445, 0.00427, 0.0042, 0.00415, 0.00414, 0.00408, 0.00401, 0.00399, 0.00394, 0.0039, 0.00387, 0.00383, 0.00378, 0.00378, 0.00373, 0.00364, 0.00375, 0.00358, 0.00353, 0.00346, 0.00345, 0.00342, 0.0034, 0.00332, 0.00324, 0.00319, 0.00316, 0.0031, 0.00309, 0.00307, 0.00299, 0.00304, 0.00292, 0.00288, 0.00285, 0.00284, 0.00278, 0.00276, 0.00273, 0.00266, 0.00263, 0.00259, 0.00252, 0.00246, 0.00239, 0.00237, 0.00226, 0.00222, 0.00215, 0.00211, 0.00208, 0.00203, 0.00203, 0.00198, 0.00193, 0.00195, 0.00197, 0.00191, 0.00189, 0.00175, 0.00175, 0.00176, 0.00176, 0.0019, 0.00169, 0.00168, 0.00176, 0.00163, 0.00147, 0.00191, 0.0014, 0.0013, 0.00134, 0.00136, 0.00144, 0.0014, 0.00162, 0.00231, 0.00281, 0.01621], [0.01833, 0.00544, 0.00482, 0.00414, 0.00419, 0.00424, 0.00442, 0.00417, 0.00425, 0.00402, 0.00414, 0.004, 0.00407, 0.00405, 0.0041, 0.004, 0.00415, 0.00409, 0.00416, 0.00416, 0.0042, 0.00427, 0.00427, 0.00428, 0.00433, 0.00433, 0.00436, 0.00431, 0.00435, 0.00434, 0.00432, 0.00434, 0.00433, 0.00432, 0.00436, 0.00437, 0.00439, 0.0044, 0.00467, 0.00448, 0.00449, 0.00452, 0.00455, 0.00456, 0.00462, 0.00464, 0.00469, 0.0047, 0.00472, 0.00477, 0.00479, 0.00483, 0.00484, 0.00485, 0.00487, 0.00488, 0.0049, 0.00496, 0.00498, 0.00499, 0.00502, 0.00505, 0.00505, 0.00507, 0.0051, 0.00515, 0.00515, 0.00514, 0.00516, 0.00517, 0.00517, 0.00518, 0.00519, 0.00519, 0.00519, 0.00521, 0.0052, 0.0052, 0.0052, 0.00522, 0.0052, 0.00522, 0.00521, 0.00521, 0.00521, 0.00522, 0.00521, 0.00519, 0.00518, 0.00518, 0.00517, 0.00517, 0.00516, 0.00517, 0.00517, 0.00515, 0.00516, 0.00515, 0.00517, 0.00516, 0.00515, 0.00516, 0.00517, 0.00513, 0.00515, 0.00512, 0.00514, 0.00514, 0.00514, 0.00512, 0.0051, 0.00508, 0.00508, 0.00505, 0.00505, 0.00505, 0.00504, 0.00502, 0.005, 0.00502, 0.00497, 0.00495, 0.00492, 0.00488, 0.00487, 0.00482, 0.0048, 0.00478, 0.00474, 0.00471, 0.0047, 0.00468, 0.00463, 0.00462, 0.00459, 0.00458, 0.00459, 0.00454, 0.00452, 0.00449, 0.00447, 0.00446, 0.00441, 0.00439, 0.00436, 0.00436, 0.00433, 0.00428, 0.00426, 0.00422, 0.00419, 0.00417, 0.00413, 0.0041, 0.00407, 0.00401, 0.00399, 0.00394, 0.00392, 0.00387, 0.00389, 0.00381, 0.00374, 0.0037, 0.00368, 0.00359, 0.00356, 0.00376, 0.00347, 0.00341, 0.00334, 0.00333, 0.00338, 0.00323, 0.00319, 0.00315, 0.0031, 0.00306, 0.00302, 0.00297, 0.00293, 0.00286, 0.00284, 0.00277, 0.00274, 0.00269, 0.00269, 0.00263, 0.00261, 0.00257, 0.00259, 0.00252, 0.00262, 0.00244, 0.00243, 0.00238, 0.00237, 0.00231, 0.00231, 0.00229, 0.00229, 0.0023, 0.00223, 0.00222, 0.00222, 0.00216, 0.00213, 0.00217, 0.00212, 0.00207, 0.00207, 0.00209, 0.00201, 0.00195, 0.00192, 0.00189, 0.00187, 0.00179, 0.00176, 0.00174, 0.00171, 0.00166, 0.00162, 0.00164, 0.00159, 0.00162, 0.00153, 0.00153, 0.00147, 0.00147, 0.00143, 0.00141, 0.00151, 0.00138, 0.00149, 0.00143, 0.00132, 0.00124, 0.00134, 0.00155, 0.00137, 0.00136, 0.00152, 0.00177, 0.00127, 0.0012, 0.0013, 0.00116, 0.00124, 0.00133, 0.00145, 0.00172, 0.0017, 0.00242, 0.00271, 0.0175]]]",0.527,8.8762,0,1.10239,
4,4,5Resnet18Pretrained,"[1, 2, 3, 4, 5, 6, 7, 8, 9, 10, 11, 12, 13, 14, 15, 16, 17, 18, 19, 20, 21, 22, 23, 24, 25, 26, 27, 28, 29, 30]","[0.2695, 0.0465, 0.0334, 0.0202, 0.0144, 0.0131, 0.0456, 0.024, 0.0069, 0.0215, 0.0153, 0.0082, 0.0125, 0.019, 0.0049, 0.0233, 0.0155, 0.0117, 0.0219, 0.005, 0.0099, 0.0087, 0.0018, 0.0029, 0.0131, 0.0226, 0.0042, 0.0015, 0.0016, 0.0282]","[0.01794, 0.00591, 0.01335, 0.00253, 0.00321, 0.00242, 0.00632, 0.00282, 0.00207, 0.00083, 0.00951, 0.00394, 0.0033, 0.00126, 0.00319, 0.00507, 0.0015, 0.00461, 0.00116, 0.01776, 0.00083, 0.0027, 0.00323, 0.00983, 0.00545, 0.00235, 0.00234, 0.0055, 0.00807, 0.00083]",0.02737,1.0,0.50077,0.01669,52489.8274,"[[0.01379, 0.00557, 0.00436, 0.00426, 0.00398, 0.0041, 0.00363, 0.00353, 0.00352, 0.00356, 0.00366, 0.00382, 0.00374, 0.00386, 0.00391, 0.00398, 0.00404, 0.00408, 0.00414, 0.00421, 0.00421, 0.0042, 0.00427, 0.00424, 0.00427, 0.0043, 0.00432, 0.00435, 0.00438, 0.00442, 0.00445, 0.00453, 0.00456, 0.00459, 0.00464, 0.00464, 0.00466, 0.00466, 0.00469, 0.0047, 0.00469, 0.00471, 0.00473, 0.00472, 0.00469, 0.00467, 0.00465, 0.00464, 0.0046, 0.00459, 0.00457, 0.00457, 0.00457, 0.00455, 0.00458, 0.00456, 0.00457, 0.0046, 0.00464, 0.0046, 0.0046, 0.00459, 0.00461, 0.00463, 0.00462, 0.00463, 0.00465, 0.00464, 0.00464, 0.00465, 0.00469, 0.00488, 0.0047, 0.00484, 0.00473, 0.00468, 0.00468, 0.0047, 0.00468, 0.0047, 0.00469, 0.00466, 0.00464, 0.00466, 0.00463, 0.00463, 0.00464, 0.00465, 0.00465, 0.00465, 0.00466, 0.00467, 0.00468, 0.00469, 0.0047, 0.00472, 0.00475, 0.00475, 0.00479, 0.00482, 0.00483, 0.00486, 0.00487, 0.0049, 0.00491, 0.0049, 0.00488, 0.00485, 0.00483, 0.00482, 0.00481, 0.00482, 0.00482, 0.00482, 0.00481, 0.0048, 0.00476, 0.00475, 0.00473, 0.00471, 0.00472, 0.00485, 0.00472, 0.0047, 0.0047, 0.0047, 0.00467, 0.00466, 0.00465, 0.00463, 0.00463, 0.00461, 0.00461, 0.00458, 0.00455, 0.00453, 0.00452, 0.0045, 0.00449, 0.00447, 0.00446, 0.00443, 0.0044, 0.00436, 0.00432, 0.00429, 0.00427, 0.00425, 0.00422, 0.00421, 0.00419, 0.00418, 0.00417, 0.00415, 0.00413, 0.00408, 0.00404, 0.00403, 0.00401, 0.00396, 0.00393, 0.00389, 0.00386, 0.00385, 0.00381, 0.00378, 0.00376, 0.00372, 0.00372, 0.00367, 0.00361, 0.0036, 0.00358, 0.00354, 0.00351, 0.00347, 0.00343, 0.00337, 0.00332, 0.00327, 0.00325, 0.00321, 0.00319, 0.00315, 0.00314, 0.00307, 0.00305, 0.00302, 0.00299, 0.00295, 0.00293, 0.0029, 0.00286, 0.00282, 0.00281, 0.00278, 0.00274, 0.00269, 0.00265, 0.00261, 0.00259, 0.00254, 0.00252, 0.0025, 0.00249, 0.00247, 0.00245, 0.00242, 0.00236, 0.00232, 0.00228, 0.00226, 0.00224, 0.00222, 0.00218, 0.00216, 0.00214, 0.00211, 0.00208, 0.00205, 0.00204, 0.00201, 0.00199, 0.00196, 0.00194, 0.00193, 0.00198, 0.00197, 0.00192, 0.00187, 0.00188, 0.00181, 0.00185, 0.0019, 0.00175, 0.00189, 0.00196, 0.00169, 0.00192, 0.00188, 0.00168, 0.00197, 0.00208, 0.0018, 0.00183, 0.00175, 0.00178, 0.00206, 0.00193, 0.0021, 0.00234, 0.00269, 0.00303, 0.00357, 0.00465, 0.01696], [0.01083, 0.00423, 0.00356, 0.00368, 0.00356, 0.00362, 0.00341, 0.00342, 0.00345, 0.0035, 0.00359, 0.00385, 0.00386, 0.00394, 0.004, 0.0041, 0.00412, 0.0042, 0.00427, 0.00437, 0.00447, 0.00453, 0.00462, 0.00464, 0.00468, 0.00473, 0.00478, 0.00483, 0.00487, 0.00492, 0.00498, 0.00506, 0.0051, 0.00511, 0.00512, 0.00514, 0.00516, 0.00516, 0.00516, 0.00517, 0.00517, 0.00518, 0.00521, 0.00523, 0.00524, 0.00524, 0.00527, 0.00527, 0.00529, 0.00532, 0.00537, 0.00533, 0.00535, 0.00538, 0.0054, 0.00539, 0.00539, 0.00542, 0.00544, 0.00544, 0.00546, 0.00546, 0.0055, 0.0055, 0.0055, 0.0055, 0.00551, 0.0055, 0.00553, 0.00555, 0.00556, 0.0057, 0.00575, 0.00557, 0.00555, 0.00556, 0.00554, 0.00555, 0.00557, 0.0056, 0.00561, 0.00562, 0.00561, 0.00564, 0.00565, 0.00567, 0.00569, 0.00572, 0.00577, 0.00581, 0.00585, 0.00584, 0.00584, 0.00579, 0.00576, 0.00572, 0.0057, 0.00569, 0.00568, 0.00567, 0.00567, 0.00565, 0.00562, 0.0056, 0.00557, 0.00554, 0.0055, 0.00546, 0.00541, 0.00538, 0.00535, 0.00533, 0.0053, 0.00528, 0.00529, 0.00529, 0.0053, 0.00528, 0.00528, 0.00541, 0.00526, 0.00525, 0.00524, 0.00519, 0.00516, 0.00511, 0.00508, 0.00505, 0.00503, 0.00501, 0.00499, 0.00497, 0.00493, 0.00487, 0.00481, 0.00475, 0.00468, 0.00464, 0.00461, 0.00458, 0.00455, 0.00451, 0.00448, 0.00443, 0.00438, 0.00435, 0.00435, 0.00435, 0.00435, 0.00432, 0.00431, 0.00428, 0.00426, 0.00425, 0.00421, 0.00414, 0.00404, 0.00393, 0.00381, 0.00369, 0.0036, 0.00355, 0.00351, 0.0035, 0.00348, 0.00346, 0.00339, 0.00333, 0.00326, 0.00319, 0.00314, 0.00312, 0.0031, 0.00306, 0.00303, 0.00299, 0.00293, 0.00287, 0.00284, 0.00282, 0.00279, 0.00278, 0.00273, 0.00267, 0.00259, 0.00254, 0.00249, 0.00247, 0.00245, 0.00242, 0.00235, 0.00231, 0.00226, 0.00221, 0.00218, 0.00214, 0.00211, 0.00209, 0.00205, 0.002, 0.00195, 0.00191, 0.00189, 0.00186, 0.00182, 0.00179, 0.00175, 0.00172, 0.00168, 0.00167, 0.00165, 0.00163, 0.0016, 0.00157, 0.00154, 0.00151, 0.00147, 0.00144, 0.00142, 0.0014, 0.00138, 0.00137, 0.00133, 0.00128, 0.00126, 0.00123, 0.00122, 0.00124, 0.00121, 0.00116, 0.00113, 0.00115, 0.00123, 0.00112, 0.00122, 0.00126, 0.00105, 0.00109, 0.00104, 0.00114, 0.001, 0.00122, 0.00127, 0.00096, 0.00093, 0.00082, 0.00081, 0.00101, 0.00077, 0.00083, 0.00091, 0.00093, 0.00108, 0.00139, 0.00231, 0.00848], [0.03416, 0.01066, 0.01047, 0.00971, 0.00931, 0.00895, 0.00864, 0.00824, 0.00812, 0.00794, 0.00793, 0.00799, 0.00802, 0.00805, 0.00808, 0.00797, 0.00797, 0.00792, 0.00794, 0.00788, 0.00783, 0.00775, 0.00769, 0.00761, 0.00754, 0.00747, 0.00742, 0.00735, 0.00728, 0.00722, 0.00715, 0.00712, 0.00706, 0.00704, 0.00701, 0.00692, 0.0069, 0.00686, 0.00682, 0.00677, 0.00669, 0.00662, 0.00658, 0.00654, 0.00649, 0.00646, 0.00643, 0.00641, 0.0064, 0.00635, 0.00633, 0.00634, 0.00627, 0.00622, 0.00617, 0.00612, 0.00606, 0.00604, 0.00607, 0.0061, 0.00594, 0.00594, 0.00591, 0.00587, 0.00577, 0.00574, 0.00567, 0.00556, 0.00549, 0.00543, 0.00537, 0.00531, 0.00524, 0.0052, 0.00513, 0.0051, 0.00507, 0.00504, 0.005, 0.00497, 0.00492, 0.00488, 0.00485, 0.00481, 0.00478, 0.00474, 0.00471, 0.00465, 0.00459, 0.00455, 0.00449, 0.00444, 0.00442, 0.00439, 0.00435, 0.00432, 0.0043, 0.00429, 0.00426, 0.00423, 0.00419, 0.00414, 0.00411, 0.00407, 0.00404, 0.004, 0.00397, 0.00393, 0.00389, 0.00387, 0.00384, 0.0038, 0.00377, 0.00373, 0.00371, 0.00369, 0.00366, 0.00365, 0.00361, 0.00359, 0.00353, 0.00349, 0.00345, 0.00342, 0.00339, 0.00336, 0.00333, 0.0033, 0.00328, 0.00324, 0.00322, 0.00319, 0.00315, 0.00312, 0.00309, 0.00305, 0.00302, 0.00299, 0.00293, 0.00291, 0.00289, 0.00285, 0.00283, 0.00279, 0.00279, 0.00275, 0.00274, 0.00271, 0.00269, 0.00265, 0.00264, 0.00261, 0.00257, 0.00255, 0.00251, 0.00247, 0.00244, 0.00239, 0.00235, 0.00233, 0.0023, 0.00228, 0.00229, 0.00225, 0.00224, 0.00222, 0.0022, 0.00218, 0.00215, 0.00214, 0.00219, 0.00208, 0.00204, 0.00202, 0.00197, 0.00193, 0.0019, 0.00188, 0.00183, 0.00181, 0.00177, 0.00177, 0.00173, 0.00173, 0.0017, 0.00169, 0.00166, 0.00164, 0.00161, 0.0016, 0.00157, 0.00156, 0.00155, 0.00154, 0.00153, 0.00151, 0.00148, 0.00146, 0.00142, 0.0014, 0.00137, 0.00135, 0.00131, 0.00131, 0.00127, 0.00125, 0.00123, 0.00121, 0.00119, 0.00121, 0.00117, 0.00116, 0.00127, 0.00114, 0.00109, 0.00108, 0.00107, 0.00106, 0.00104, 0.001, 0.001, 0.00098, 0.00102, 0.00101, 0.00098, 0.00097, 0.00096, 0.00095, 0.00093, 0.00092, 0.00091, 0.00089, 0.00088, 0.001, 0.00084, 0.00087, 0.00086, 0.00081, 0.00089, 0.00094, 0.00088, 0.00118, 0.00117, 0.00088, 0.00077, 0.00065, 0.00069, 0.00091, 0.00067, 0.00076, 0.00077, 0.00087, 0.00083, 0.0013, 0.00185, 0.00823]]",1.189,52488.6384,1,,
5,5,6Resnet18,"[1, 2, 3, 4, 5, 6, 7, 8, 9, 10, 11, 12, 13, 14, 15, 16, 17, 18, 19, 20, 21, 22, 23, 24, 25, 26, 27, 28, 29, 30]","[0.4365, 0.2174, 0.1727, 0.1392, 0.1263, 0.1232, 0.1467, 0.1099, 0.0946, 0.089, 0.0873, 0.0771, 0.0645, 0.0751, 0.0549, 0.0734, 0.0783, 0.0557, 0.0694, 0.0236, 0.0488, 0.0354, 0.0265, 0.0384, 0.0575, 0.0401, 0.022, 0.0192, 0.0169, 0.0319]","[0.44357, 0.09448, 0.18248, 0.24735, 0.09566, 0.25288, 0.19548, 0.06898, 0.05768, 0.04357, 0.17738, 0.09225, 0.0933, 0.05647, 0.14194, 0.08708, 0.04635, 0.04857, 0.04331, 0.14446, 0.02898, 0.0402, 0.08218, 0.1515, 0.08434, 0.04149, 0.04906, 0.08946, 0.08738, 0.02073]",0.01117,0.98925,1.41119,0.04704,66414.2357,"[[0.01379, 0.00557, 0.00436, 0.00426, 0.00398, 0.0041, 0.00363, 0.00353, 0.00352, 0.00356, 0.00366, 0.00382, 0.00374, 0.00386, 0.00391, 0.00398, 0.00404, 0.00408, 0.00414, 0.00421, 0.00421, 0.0042, 0.00427, 0.00424, 0.00427, 0.0043, 0.00432, 0.00435, 0.00438, 0.00442, 0.00445, 0.00453, 0.00456, 0.00459, 0.00464, 0.00464, 0.00466, 0.00466, 0.00469, 0.0047, 0.00469, 0.00471, 0.00473, 0.00472, 0.00469, 0.00467, 0.00465, 0.00464, 0.0046, 0.00459, 0.00457, 0.00457, 0.00457, 0.00455, 0.00458, 0.00456, 0.00457, 0.0046, 0.00464, 0.0046, 0.0046, 0.00459, 0.00461, 0.00463, 0.00462, 0.00463, 0.00465, 0.00464, 0.00464, 0.00465, 0.00469, 0.00488, 0.0047, 0.00484, 0.00473, 0.00468, 0.00468, 0.0047, 0.00468, 0.0047, 0.00469, 0.00466, 0.00464, 0.00466, 0.00463, 0.00463, 0.00464, 0.00465, 0.00465, 0.00465, 0.00466, 0.00467, 0.00468, 0.00469, 0.0047, 0.00472, 0.00475, 0.00475, 0.00479, 0.00482, 0.00483, 0.00486, 0.00487, 0.0049, 0.00491, 0.0049, 0.00488, 0.00485, 0.00483, 0.00482, 0.00481, 0.00482, 0.00482, 0.00482, 0.00481, 0.0048, 0.00476, 0.00475, 0.00473, 0.00471, 0.00472, 0.00485, 0.00472, 0.0047, 0.0047, 0.0047, 0.00467, 0.00466, 0.00465, 0.00463, 0.00463, 0.00461, 0.00461, 0.00458, 0.00455, 0.00453, 0.00452, 0.0045, 0.00449, 0.00447, 0.00446, 0.00443, 0.0044, 0.00436, 0.00432, 0.00429, 0.00427, 0.00425, 0.00422, 0.00421, 0.00419, 0.00418, 0.00417, 0.00415, 0.00413, 0.00408, 0.00404, 0.00403, 0.00401, 0.00396, 0.00393, 0.00389, 0.00386, 0.00385, 0.00381, 0.00378, 0.00376, 0.00372, 0.00372, 0.00367, 0.00361, 0.0036, 0.00358, 0.00354, 0.00351, 0.00347, 0.00343, 0.00337, 0.00332, 0.00327, 0.00325, 0.00321, 0.00319, 0.00315, 0.00314, 0.00307, 0.00305, 0.00302, 0.00299, 0.00295, 0.00293, 0.0029, 0.00286, 0.00282, 0.00281, 0.00278, 0.00274, 0.00269, 0.00265, 0.00261, 0.00259, 0.00254, 0.00252, 0.0025, 0.00249, 0.00247, 0.00245, 0.00242, 0.00236, 0.00232, 0.00228, 0.00226, 0.00224, 0.00222, 0.00218, 0.00216, 0.00214, 0.00211, 0.00208, 0.00205, 0.00204, 0.00201, 0.00199, 0.00196, 0.00194, 0.00193, 0.00198, 0.00197, 0.00192, 0.00187, 0.00188, 0.00181, 0.00185, 0.0019, 0.00175, 0.00189, 0.00196, 0.00169, 0.00192, 0.00188, 0.00168, 0.00197, 0.00208, 0.0018, 0.00183, 0.00175, 0.00178, 0.00206, 0.00193, 0.0021, 0.00234, 0.00269, 0.00303, 0.00357, 0.00465, 0.01696], [0.01083, 0.00423, 0.00356, 0.00368, 0.00356, 0.00362, 0.00341, 0.00342, 0.00345, 0.0035, 0.00359, 0.00385, 0.00386, 0.00394, 0.004, 0.0041, 0.00412, 0.0042, 0.00427, 0.00437, 0.00447, 0.00453, 0.00462, 0.00464, 0.00468, 0.00473, 0.00478, 0.00483, 0.00487, 0.00492, 0.00498, 0.00506, 0.0051, 0.00511, 0.00512, 0.00514, 0.00516, 0.00516, 0.00516, 0.00517, 0.00517, 0.00518, 0.00521, 0.00523, 0.00524, 0.00524, 0.00527, 0.00527, 0.00529, 0.00532, 0.00537, 0.00533, 0.00535, 0.00538, 0.0054, 0.00539, 0.00539, 0.00542, 0.00544, 0.00544, 0.00546, 0.00546, 0.0055, 0.0055, 0.0055, 0.0055, 0.00551, 0.0055, 0.00553, 0.00555, 0.00556, 0.0057, 0.00575, 0.00557, 0.00555, 0.00556, 0.00554, 0.00555, 0.00557, 0.0056, 0.00561, 0.00562, 0.00561, 0.00564, 0.00565, 0.00567, 0.00569, 0.00572, 0.00577, 0.00581, 0.00585, 0.00584, 0.00584, 0.00579, 0.00576, 0.00572, 0.0057, 0.00569, 0.00568, 0.00567, 0.00567, 0.00565, 0.00562, 0.0056, 0.00557, 0.00554, 0.0055, 0.00546, 0.00541, 0.00538, 0.00535, 0.00533, 0.0053, 0.00528, 0.00529, 0.00529, 0.0053, 0.00528, 0.00528, 0.00541, 0.00526, 0.00525, 0.00524, 0.00519, 0.00516, 0.00511, 0.00508, 0.00505, 0.00503, 0.00501, 0.00499, 0.00497, 0.00493, 0.00487, 0.00481, 0.00475, 0.00468, 0.00464, 0.00461, 0.00458, 0.00455, 0.00451, 0.00448, 0.00443, 0.00438, 0.00435, 0.00435, 0.00435, 0.00435, 0.00432, 0.00431, 0.00428, 0.00426, 0.00425, 0.00421, 0.00414, 0.00404, 0.00393, 0.00381, 0.00369, 0.0036, 0.00355, 0.00351, 0.0035, 0.00348, 0.00346, 0.00339, 0.00333, 0.00326, 0.00319, 0.00314, 0.00312, 0.0031, 0.00306, 0.00303, 0.00299, 0.00293, 0.00287, 0.00284, 0.00282, 0.00279, 0.00278, 0.00273, 0.00267, 0.00259, 0.00254, 0.00249, 0.00247, 0.00245, 0.00242, 0.00235, 0.00231, 0.00226, 0.00221, 0.00218, 0.00214, 0.00211, 0.00209, 0.00205, 0.002, 0.00195, 0.00191, 0.00189, 0.00186, 0.00182, 0.00179, 0.00175, 0.00172, 0.00168, 0.00167, 0.00165, 0.00163, 0.0016, 0.00157, 0.00154, 0.00151, 0.00147, 0.00144, 0.00142, 0.0014, 0.00138, 0.00137, 0.00133, 0.00128, 0.00126, 0.00123, 0.00122, 0.00124, 0.00121, 0.00116, 0.00113, 0.00115, 0.00123, 0.00112, 0.00122, 0.00126, 0.00105, 0.00109, 0.00104, 0.00114, 0.001, 0.00122, 0.00127, 0.00096, 0.00093, 0.00082, 0.00081, 0.00101, 0.00077, 0.00083, 0.00091, 0.00093, 0.00108, 0.00139, 0.00231, 0.00848], [0.03416, 0.01066, 0.01047, 0.00971, 0.00931, 0.00895, 0.00864, 0.00824, 0.00812, 0.00794, 0.00793, 0.00799, 0.00802, 0.00805, 0.00808, 0.00797, 0.00797, 0.00792, 0.00794, 0.00788, 0.00783, 0.00775, 0.00769, 0.00761, 0.00754, 0.00747, 0.00742, 0.00735, 0.00728, 0.00722, 0.00715, 0.00712, 0.00706, 0.00704, 0.00701, 0.00692, 0.0069, 0.00686, 0.00682, 0.00677, 0.00669, 0.00662, 0.00658, 0.00654, 0.00649, 0.00646, 0.00643, 0.00641, 0.0064, 0.00635, 0.00633, 0.00634, 0.00627, 0.00622, 0.00617, 0.00612, 0.00606, 0.00604, 0.00607, 0.0061, 0.00594, 0.00594, 0.00591, 0.00587, 0.00577, 0.00574, 0.00567, 0.00556, 0.00549, 0.00543, 0.00537, 0.00531, 0.00524, 0.0052, 0.00513, 0.0051, 0.00507, 0.00504, 0.005, 0.00497, 0.00492, 0.00488, 0.00485, 0.00481, 0.00478, 0.00474, 0.00471, 0.00465, 0.00459, 0.00455, 0.00449, 0.00444, 0.00442, 0.00439, 0.00435, 0.00432, 0.0043, 0.00429, 0.00426, 0.00423, 0.00419, 0.00414, 0.00411, 0.00407, 0.00404, 0.004, 0.00397, 0.00393, 0.00389, 0.00387, 0.00384, 0.0038, 0.00377, 0.00373, 0.00371, 0.00369, 0.00366, 0.00365, 0.00361, 0.00359, 0.00353, 0.00349, 0.00345, 0.00342, 0.00339, 0.00336, 0.00333, 0.0033, 0.00328, 0.00324, 0.00322, 0.00319, 0.00315, 0.00312, 0.00309, 0.00305, 0.00302, 0.00299, 0.00293, 0.00291, 0.00289, 0.00285, 0.00283, 0.00279, 0.00279, 0.00275, 0.00274, 0.00271, 0.00269, 0.00265, 0.00264, 0.00261, 0.00257, 0.00255, 0.00251, 0.00247, 0.00244, 0.00239, 0.00235, 0.00233, 0.0023, 0.00228, 0.00229, 0.00225, 0.00224, 0.00222, 0.0022, 0.00218, 0.00215, 0.00214, 0.00219, 0.00208, 0.00204, 0.00202, 0.00197, 0.00193, 0.0019, 0.00188, 0.00183, 0.00181, 0.00177, 0.00177, 0.00173, 0.00173, 0.0017, 0.00169, 0.00166, 0.00164, 0.00161, 0.0016, 0.00157, 0.00156, 0.00155, 0.00154, 0.00153, 0.00151, 0.00148, 0.00146, 0.00142, 0.0014, 0.00137, 0.00135, 0.00131, 0.00131, 0.00127, 0.00125, 0.00123, 0.00121, 0.00119, 0.00121, 0.00117, 0.00116, 0.00127, 0.00114, 0.00109, 0.00108, 0.00107, 0.00106, 0.00104, 0.001, 0.001, 0.00098, 0.00102, 0.00101, 0.00098, 0.00097, 0.00096, 0.00095, 0.00093, 0.00092, 0.00091, 0.00089, 0.00088, 0.001, 0.00084, 0.00087, 0.00086, 0.00081, 0.00089, 0.00094, 0.00088, 0.00118, 0.00117, 0.00088, 0.00077, 0.00065, 0.00069, 0.00091, 0.00067, 0.00076, 0.00077, 0.00087, 0.00083, 0.0013, 0.00185, 0.00823]]",1.189,66413.0467,1,,
6,6,7Resnet50Pretrained,"[1, 2, 3, 4, 5, 6, 7, 8, 9, 10, 11, 12, 13, 14, 15, 16, 17, 18, 19, 20, 21, 22, 23, 24, 25, 26, 27, 28, 29, 30]","[0.6763, 0.6478, 0.6205, 0.596, 0.5699, 0.547, 0.5222, 0.4987, 0.4813, 0.4597, 0.4424, 0.4247, 0.4162, 0.4002, 0.3947, 0.3837, 0.379, 0.3703, 0.3606, 0.3547, 0.342, 0.3418, 0.3417, 0.3356, 0.3275, 0.3278, 0.3296, 0.3189, 0.3297, 0.3278]","[0.67699, 0.692, 0.71473, 0.71151, 0.72599, 0.7228, 0.71413, 0.69244, 0.68662, 0.69913, 0.66184, 0.67158, 0.65645, 0.62559, 0.63772, 0.59933, 0.62056, 0.60074, 0.59784, 0.59613, 0.61128, 0.57799, 0.58203, 0.59101, 0.57357, 0.56381, 0.53949, 0.59304, 0.56528, 0.555]",0.2272,0.84876,6.07437,0.20248,99.0118,"[[0.01299, 0.00716, 0.00544, 0.0047, 0.00418, 0.00407, 0.00424, 0.00421, 0.00426, 0.00428, 0.00431, 0.00426, 0.00421, 0.00432, 0.00431, 0.00436, 0.00581, 0.00444, 0.00443, 0.00447, 0.0045, 0.0045, 0.00452, 0.00451, 0.00453, 0.00453, 0.00451, 0.00456, 0.00448, 0.00441, 0.00435, 0.00431, 0.00427, 0.00425, 0.00423, 0.00423, 0.00422, 0.00421, 0.00419, 0.00417, 0.00416, 0.00415, 0.00413, 0.00411, 0.00411, 0.0041, 0.00409, 0.00408, 0.00408, 0.00408, 0.0041, 0.00412, 0.00413, 0.00414, 0.00415, 0.00418, 0.0042, 0.00423, 0.00424, 0.00426, 0.00427, 0.00432, 0.00428, 0.00428, 0.00428, 0.00428, 0.00428, 0.00428, 0.00427, 0.00427, 0.00427, 0.00427, 0.00429, 0.00429, 0.0043, 0.00431, 0.00432, 0.00433, 0.00433, 0.00435, 0.00436, 0.00436, 0.00438, 0.00438, 0.00439, 0.00439, 0.00438, 0.00438, 0.00438, 0.00437, 0.00437, 0.00435, 0.00435, 0.00434, 0.00434, 0.00433, 0.00431, 0.0043, 0.00428, 0.00427, 0.00427, 0.00426, 0.00425, 0.00425, 0.00424, 0.00423, 0.00422, 0.0042, 0.00419, 0.00419, 0.00417, 0.00416, 0.00414, 0.00414, 0.00415, 0.00412, 0.00411, 0.00411, 0.0041, 0.00409, 0.00409, 0.00408, 0.00407, 0.00407, 0.00406, 0.00406, 0.00405, 0.00403, 0.00403, 0.00402, 0.00402, 0.00402, 0.00401, 0.00401, 0.00401, 0.00401, 0.00399, 0.00398, 0.00399, 0.00399, 0.004, 0.00401, 0.004, 0.004, 0.00399, 0.00399, 0.004, 0.00399, 0.00399, 0.00398, 0.00398, 0.00398, 0.00397, 0.00397, 0.00397, 0.00397, 0.00395, 0.00396, 0.00396, 0.00396, 0.00394, 0.00392, 0.00391, 0.0039, 0.00389, 0.00386, 0.00385, 0.00383, 0.00382, 0.00381, 0.00379, 0.00378, 0.00377, 0.00376, 0.00374, 0.00371, 0.00369, 0.00369, 0.00369, 0.00366, 0.00365, 0.00379, 0.00364, 0.00361, 0.0036, 0.00358, 0.00356, 0.00355, 0.00352, 0.0035, 0.00351, 0.00352, 0.00358, 0.00353, 0.00355, 0.00354, 0.0036, 0.00361, 0.00366, 0.00366, 0.00364, 0.00363, 0.00347, 0.00331, 0.00326, 0.0032, 0.00318, 0.00314, 0.00314, 0.00309, 0.00307, 0.00302, 0.003, 0.00302, 0.003, 0.00297, 0.00292, 0.00289, 0.00286, 0.00282, 0.00281, 0.00281, 0.00273, 0.00269, 0.00266, 0.00263, 0.00258, 0.00254, 0.00251, 0.00252, 0.00248, 0.00244, 0.00241, 0.00239, 0.00234, 0.00232, 0.00224, 0.00221, 0.00216, 0.00211, 0.00206, 0.002, 0.00198, 0.00196, 0.00198, 0.00198, 0.00199, 0.00199, 0.0021, 0.00222, 0.00237, 0.00285, 0.00319, 0.00342, 0.00534, 0.01512], [0.01316, 0.00703, 0.00549, 0.00481, 0.00432, 0.00439, 0.00435, 0.00436, 0.00463, 0.00458, 0.00477, 0.00486, 0.005, 0.00524, 0.00537, 0.0053, 0.00685, 0.00558, 0.00558, 0.00565, 0.0057, 0.00573, 0.00572, 0.00573, 0.00573, 0.0057, 0.00573, 0.00575, 0.00583, 0.00582, 0.00586, 0.0058, 0.0058, 0.00588, 0.00577, 0.00572, 0.0057, 0.00567, 0.00565, 0.00563, 0.00561, 0.00557, 0.00552, 0.00548, 0.00548, 0.00547, 0.00546, 0.00545, 0.00544, 0.00543, 0.00539, 0.00538, 0.00534, 0.0053, 0.00528, 0.00528, 0.00527, 0.00526, 0.00523, 0.00523, 0.00524, 0.00527, 0.00524, 0.00521, 0.00521, 0.00524, 0.00533, 0.00523, 0.00521, 0.00519, 0.00518, 0.00516, 0.00514, 0.00512, 0.0051, 0.00508, 0.00507, 0.00506, 0.00505, 0.00505, 0.00505, 0.00505, 0.00503, 0.00502, 0.00501, 0.00498, 0.00497, 0.00496, 0.00496, 0.00494, 0.00494, 0.00493, 0.00493, 0.00493, 0.00492, 0.0049, 0.00489, 0.00488, 0.00486, 0.00485, 0.00483, 0.00482, 0.0048, 0.00479, 0.00476, 0.00473, 0.00471, 0.00468, 0.00466, 0.00464, 0.00463, 0.00459, 0.00455, 0.00451, 0.00448, 0.00444, 0.0044, 0.00436, 0.00432, 0.00428, 0.00424, 0.00421, 0.00417, 0.00414, 0.00411, 0.00408, 0.00403, 0.004, 0.00396, 0.00392, 0.00388, 0.00385, 0.00382, 0.0038, 0.00378, 0.00375, 0.00371, 0.00368, 0.00367, 0.00367, 0.00364, 0.00362, 0.00359, 0.00356, 0.00353, 0.0035, 0.00347, 0.00345, 0.00342, 0.0034, 0.00339, 0.00336, 0.00333, 0.00332, 0.0033, 0.00326, 0.00325, 0.00322, 0.00321, 0.00318, 0.00316, 0.00313, 0.00311, 0.00309, 0.00307, 0.00305, 0.00303, 0.00302, 0.003, 0.00298, 0.00298, 0.00295, 0.00294, 0.00293, 0.00288, 0.00286, 0.00284, 0.00283, 0.00281, 0.00279, 0.00278, 0.00276, 0.00274, 0.00272, 0.00272, 0.00267, 0.00265, 0.00264, 0.0026, 0.00258, 0.00256, 0.00254, 0.00257, 0.00251, 0.00252, 0.00255, 0.00257, 0.00264, 0.00262, 0.00266, 0.00267, 0.00267, 0.0026, 0.0024, 0.00227, 0.00222, 0.0022, 0.00217, 0.00215, 0.00213, 0.0021, 0.00205, 0.00205, 0.00219, 0.00203, 0.00197, 0.00195, 0.00193, 0.00191, 0.00193, 0.00192, 0.00197, 0.00193, 0.00189, 0.00187, 0.00183, 0.00179, 0.00176, 0.00173, 0.0017, 0.00167, 0.00164, 0.00161, 0.00156, 0.00156, 0.00153, 0.00148, 0.00145, 0.00139, 0.00138, 0.00136, 0.00131, 0.00132, 0.00127, 0.00129, 0.00125, 0.0014, 0.00123, 0.00125, 0.00131, 0.0014, 0.00171, 0.00193, 0.00259, 0.00448, 0.01068], [0.02494, 0.00998, 0.00844, 0.00749, 0.00718, 0.00696, 0.00688, 0.00685, 0.0069, 0.00689, 0.00725, 0.007, 0.00711, 0.0072, 0.0073, 0.00735, 0.00881, 0.00749, 0.00745, 0.00743, 0.00742, 0.00738, 0.00732, 0.0073, 0.00727, 0.00725, 0.00717, 0.00712, 0.00708, 0.00703, 0.00699, 0.00695, 0.00694, 0.00691, 0.00687, 0.00683, 0.00679, 0.00674, 0.0067, 0.0067, 0.00657, 0.0065, 0.00642, 0.00634, 0.00627, 0.00621, 0.00616, 0.00611, 0.00607, 0.006, 0.00593, 0.00587, 0.00581, 0.00576, 0.0057, 0.00565, 0.00561, 0.00556, 0.00551, 0.00546, 0.00542, 0.00542, 0.00541, 0.00532, 0.00528, 0.00525, 0.00521, 0.00517, 0.00513, 0.00511, 0.00508, 0.00506, 0.00502, 0.005, 0.00497, 0.00495, 0.00493, 0.0049, 0.00488, 0.00486, 0.00484, 0.00482, 0.0048, 0.00477, 0.00475, 0.00473, 0.0047, 0.00467, 0.00464, 0.0046, 0.00457, 0.00455, 0.00451, 0.00448, 0.00444, 0.00442, 0.00438, 0.00434, 0.00432, 0.0043, 0.00427, 0.00425, 0.00424, 0.0042, 0.00416, 0.00411, 0.00408, 0.00404, 0.004, 0.00397, 0.00393, 0.00391, 0.00386, 0.00383, 0.00379, 0.00375, 0.00371, 0.00374, 0.0036, 0.00355, 0.00349, 0.00344, 0.0034, 0.00334, 0.00329, 0.00326, 0.00321, 0.00317, 0.00313, 0.00311, 0.00307, 0.00303, 0.003, 0.00297, 0.00293, 0.00291, 0.00288, 0.00287, 0.00284, 0.00282, 0.00279, 0.00277, 0.00274, 0.00271, 0.00268, 0.00265, 0.00264, 0.00261, 0.0026, 0.00258, 0.00256, 0.00256, 0.00253, 0.00251, 0.0025, 0.00248, 0.00246, 0.00244, 0.00242, 0.00241, 0.00239, 0.00238, 0.00236, 0.00235, 0.00234, 0.00232, 0.0023, 0.0023, 0.00227, 0.00228, 0.00225, 0.00223, 0.00221, 0.00219, 0.00219, 0.00217, 0.00213, 0.00211, 0.0021, 0.00208, 0.00207, 0.00206, 0.00204, 0.00203, 0.00201, 0.00199, 0.00198, 0.00196, 0.00194, 0.00194, 0.00192, 0.00192, 0.00198, 0.00193, 0.00195, 0.00197, 0.00199, 0.00202, 0.00216, 0.00207, 0.00202, 0.00199, 0.00193, 0.0019, 0.00186, 0.00177, 0.0017, 0.00168, 0.00166, 0.00167, 0.00163, 0.00163, 0.00162, 0.00161, 0.00161, 0.00157, 0.00157, 0.00153, 0.00154, 0.0015, 0.00151, 0.00154, 0.00147, 0.0015, 0.00144, 0.00146, 0.00143, 0.00142, 0.00141, 0.00139, 0.00138, 0.00137, 0.0014, 0.00137, 0.00139, 0.00134, 0.00137, 0.00133, 0.00129, 0.00129, 0.00124, 0.00132, 0.00121, 0.00135, 0.00126, 0.00122, 0.00136, 0.00129, 0.00161, 0.00148, 0.00171, 0.00184, 0.00201, 0.00289, 0.00407, 0.01318]]",1.025,97.9868,0,,
7,7,8Resnet50,"[1, 2, 3, 4, 5, 6, 7, 8, 9, 10, 11, 12, 13, 14, 15, 16, 17, 18, 19, 20, 21, 22, 23, 24, 25, 26, 27, 28, 29, 30]","[0.6756, 0.585, 0.5386, 0.4897, 0.4548, 0.4276, 0.4048, 0.3883, 0.383, 0.3687, 0.3641, 0.3411, 0.3509, 0.3405, 0.3341, 0.3234, 0.3262, 0.3224, 0.3122, 0.3094, 0.281, 0.2986, 0.3065, 0.3013, 0.2803, 0.2878, 0.2873, 0.2719, 0.2961, 0.2854]","[0.72645, 0.82198, 0.64269, 0.67248, 0.55373, 0.61154, 0.64691, 0.54677, 0.29156, 0.73567, 0.37268, 0.45585, 0.52762, 0.33905, 0.46119, 0.29718, 0.50438, 0.53196, 0.31725, 0.36877, 0.59944, 0.44197, 0.45132, 0.43958, 0.54094, 0.38166, 0.41735, 0.539, 0.41724, 0.4259]",0.2272,0.83296,4.28606,0.14287,83.5061,"[[0.01299, 0.00716, 0.00544, 0.0047, 0.00418, 0.00407, 0.00424, 0.00421, 0.00426, 0.00428, 0.00431, 0.00426, 0.00421, 0.00432, 0.00431, 0.00436, 0.00581, 0.00444, 0.00443, 0.00447, 0.0045, 0.0045, 0.00452, 0.00451, 0.00453, 0.00453, 0.00451, 0.00456, 0.00448, 0.00441, 0.00435, 0.00431, 0.00427, 0.00425, 0.00423, 0.00423, 0.00422, 0.00421, 0.00419, 0.00417, 0.00416, 0.00415, 0.00413, 0.00411, 0.00411, 0.0041, 0.00409, 0.00408, 0.00408, 0.00408, 0.0041, 0.00412, 0.00413, 0.00414, 0.00415, 0.00418, 0.0042, 0.00423, 0.00424, 0.00426, 0.00427, 0.00432, 0.00428, 0.00428, 0.00428, 0.00428, 0.00428, 0.00428, 0.00427, 0.00427, 0.00427, 0.00427, 0.00429, 0.00429, 0.0043, 0.00431, 0.00432, 0.00433, 0.00433, 0.00435, 0.00436, 0.00436, 0.00438, 0.00438, 0.00439, 0.00439, 0.00438, 0.00438, 0.00438, 0.00437, 0.00437, 0.00435, 0.00435, 0.00434, 0.00434, 0.00433, 0.00431, 0.0043, 0.00428, 0.00427, 0.00427, 0.00426, 0.00425, 0.00425, 0.00424, 0.00423, 0.00422, 0.0042, 0.00419, 0.00419, 0.00417, 0.00416, 0.00414, 0.00414, 0.00415, 0.00412, 0.00411, 0.00411, 0.0041, 0.00409, 0.00409, 0.00408, 0.00407, 0.00407, 0.00406, 0.00406, 0.00405, 0.00403, 0.00403, 0.00402, 0.00402, 0.00402, 0.00401, 0.00401, 0.00401, 0.00401, 0.00399, 0.00398, 0.00399, 0.00399, 0.004, 0.00401, 0.004, 0.004, 0.00399, 0.00399, 0.004, 0.00399, 0.00399, 0.00398, 0.00398, 0.00398, 0.00397, 0.00397, 0.00397, 0.00397, 0.00395, 0.00396, 0.00396, 0.00396, 0.00394, 0.00392, 0.00391, 0.0039, 0.00389, 0.00386, 0.00385, 0.00383, 0.00382, 0.00381, 0.00379, 0.00378, 0.00377, 0.00376, 0.00374, 0.00371, 0.00369, 0.00369, 0.00369, 0.00366, 0.00365, 0.00379, 0.00364, 0.00361, 0.0036, 0.00358, 0.00356, 0.00355, 0.00352, 0.0035, 0.00351, 0.00352, 0.00358, 0.00353, 0.00355, 0.00354, 0.0036, 0.00361, 0.00366, 0.00366, 0.00364, 0.00363, 0.00347, 0.00331, 0.00326, 0.0032, 0.00318, 0.00314, 0.00314, 0.00309, 0.00307, 0.00302, 0.003, 0.00302, 0.003, 0.00297, 0.00292, 0.00289, 0.00286, 0.00282, 0.00281, 0.00281, 0.00273, 0.00269, 0.00266, 0.00263, 0.00258, 0.00254, 0.00251, 0.00252, 0.00248, 0.00244, 0.00241, 0.00239, 0.00234, 0.00232, 0.00224, 0.00221, 0.00216, 0.00211, 0.00206, 0.002, 0.00198, 0.00196, 0.00198, 0.00198, 0.00199, 0.00199, 0.0021, 0.00222, 0.00237, 0.00285, 0.00319, 0.00342, 0.00534, 0.01512], [0.01316, 0.00703, 0.00549, 0.00481, 0.00432, 0.00439, 0.00435, 0.00436, 0.00463, 0.00458, 0.00477, 0.00486, 0.005, 0.00524, 0.00537, 0.0053, 0.00685, 0.00558, 0.00558, 0.00565, 0.0057, 0.00573, 0.00572, 0.00573, 0.00573, 0.0057, 0.00573, 0.00575, 0.00583, 0.00582, 0.00586, 0.0058, 0.0058, 0.00588, 0.00577, 0.00572, 0.0057, 0.00567, 0.00565, 0.00563, 0.00561, 0.00557, 0.00552, 0.00548, 0.00548, 0.00547, 0.00546, 0.00545, 0.00544, 0.00543, 0.00539, 0.00538, 0.00534, 0.0053, 0.00528, 0.00528, 0.00527, 0.00526, 0.00523, 0.00523, 0.00524, 0.00527, 0.00524, 0.00521, 0.00521, 0.00524, 0.00533, 0.00523, 0.00521, 0.00519, 0.00518, 0.00516, 0.00514, 0.00512, 0.0051, 0.00508, 0.00507, 0.00506, 0.00505, 0.00505, 0.00505, 0.00505, 0.00503, 0.00502, 0.00501, 0.00498, 0.00497, 0.00496, 0.00496, 0.00494, 0.00494, 0.00493, 0.00493, 0.00493, 0.00492, 0.0049, 0.00489, 0.00488, 0.00486, 0.00485, 0.00483, 0.00482, 0.0048, 0.00479, 0.00476, 0.00473, 0.00471, 0.00468, 0.00466, 0.00464, 0.00463, 0.00459, 0.00455, 0.00451, 0.00448, 0.00444, 0.0044, 0.00436, 0.00432, 0.00428, 0.00424, 0.00421, 0.00417, 0.00414, 0.00411, 0.00408, 0.00403, 0.004, 0.00396, 0.00392, 0.00388, 0.00385, 0.00382, 0.0038, 0.00378, 0.00375, 0.00371, 0.00368, 0.00367, 0.00367, 0.00364, 0.00362, 0.00359, 0.00356, 0.00353, 0.0035, 0.00347, 0.00345, 0.00342, 0.0034, 0.00339, 0.00336, 0.00333, 0.00332, 0.0033, 0.00326, 0.00325, 0.00322, 0.00321, 0.00318, 0.00316, 0.00313, 0.00311, 0.00309, 0.00307, 0.00305, 0.00303, 0.00302, 0.003, 0.00298, 0.00298, 0.00295, 0.00294, 0.00293, 0.00288, 0.00286, 0.00284, 0.00283, 0.00281, 0.00279, 0.00278, 0.00276, 0.00274, 0.00272, 0.00272, 0.00267, 0.00265, 0.00264, 0.0026, 0.00258, 0.00256, 0.00254, 0.00257, 0.00251, 0.00252, 0.00255, 0.00257, 0.00264, 0.00262, 0.00266, 0.00267, 0.00267, 0.0026, 0.0024, 0.00227, 0.00222, 0.0022, 0.00217, 0.00215, 0.00213, 0.0021, 0.00205, 0.00205, 0.00219, 0.00203, 0.00197, 0.00195, 0.00193, 0.00191, 0.00193, 0.00192, 0.00197, 0.00193, 0.00189, 0.00187, 0.00183, 0.00179, 0.00176, 0.00173, 0.0017, 0.00167, 0.00164, 0.00161, 0.00156, 0.00156, 0.00153, 0.00148, 0.00145, 0.00139, 0.00138, 0.00136, 0.00131, 0.00132, 0.00127, 0.00129, 0.00125, 0.0014, 0.00123, 0.00125, 0.00131, 0.0014, 0.00171, 0.00193, 0.00259, 0.00448, 0.01068], [0.02494, 0.00998, 0.00844, 0.00749, 0.00718, 0.00696, 0.00688, 0.00685, 0.0069, 0.00689, 0.00725, 0.007, 0.00711, 0.0072, 0.0073, 0.00735, 0.00881, 0.00749, 0.00745, 0.00743, 0.00742, 0.00738, 0.00732, 0.0073, 0.00727, 0.00725, 0.00717, 0.00712, 0.00708, 0.00703, 0.00699, 0.00695, 0.00694, 0.00691, 0.00687, 0.00683, 0.00679, 0.00674, 0.0067, 0.0067, 0.00657, 0.0065, 0.00642, 0.00634, 0.00627, 0.00621, 0.00616, 0.00611, 0.00607, 0.006, 0.00593, 0.00587, 0.00581, 0.00576, 0.0057, 0.00565, 0.00561, 0.00556, 0.00551, 0.00546, 0.00542, 0.00542, 0.00541, 0.00532, 0.00528, 0.00525, 0.00521, 0.00517, 0.00513, 0.00511, 0.00508, 0.00506, 0.00502, 0.005, 0.00497, 0.00495, 0.00493, 0.0049, 0.00488, 0.00486, 0.00484, 0.00482, 0.0048, 0.00477, 0.00475, 0.00473, 0.0047, 0.00467, 0.00464, 0.0046, 0.00457, 0.00455, 0.00451, 0.00448, 0.00444, 0.00442, 0.00438, 0.00434, 0.00432, 0.0043, 0.00427, 0.00425, 0.00424, 0.0042, 0.00416, 0.00411, 0.00408, 0.00404, 0.004, 0.00397, 0.00393, 0.00391, 0.00386, 0.00383, 0.00379, 0.00375, 0.00371, 0.00374, 0.0036, 0.00355, 0.00349, 0.00344, 0.0034, 0.00334, 0.00329, 0.00326, 0.00321, 0.00317, 0.00313, 0.00311, 0.00307, 0.00303, 0.003, 0.00297, 0.00293, 0.00291, 0.00288, 0.00287, 0.00284, 0.00282, 0.00279, 0.00277, 0.00274, 0.00271, 0.00268, 0.00265, 0.00264, 0.00261, 0.0026, 0.00258, 0.00256, 0.00256, 0.00253, 0.00251, 0.0025, 0.00248, 0.00246, 0.00244, 0.00242, 0.00241, 0.00239, 0.00238, 0.00236, 0.00235, 0.00234, 0.00232, 0.0023, 0.0023, 0.00227, 0.00228, 0.00225, 0.00223, 0.00221, 0.00219, 0.00219, 0.00217, 0.00213, 0.00211, 0.0021, 0.00208, 0.00207, 0.00206, 0.00204, 0.00203, 0.00201, 0.00199, 0.00198, 0.00196, 0.00194, 0.00194, 0.00192, 0.00192, 0.00198, 0.00193, 0.00195, 0.00197, 0.00199, 0.00202, 0.00216, 0.00207, 0.00202, 0.00199, 0.00193, 0.0019, 0.00186, 0.00177, 0.0017, 0.00168, 0.00166, 0.00167, 0.00163, 0.00163, 0.00162, 0.00161, 0.00161, 0.00157, 0.00157, 0.00153, 0.00154, 0.0015, 0.00151, 0.00154, 0.00147, 0.0015, 0.00144, 0.00146, 0.00143, 0.00142, 0.00141, 0.00139, 0.00138, 0.00137, 0.0014, 0.00137, 0.00139, 0.00134, 0.00137, 0.00133, 0.00129, 0.00129, 0.00124, 0.00132, 0.00121, 0.00135, 0.00126, 0.00122, 0.00136, 0.00129, 0.00161, 0.00148, 0.00171, 0.00184, 0.00201, 0.00289, 0.00407, 0.01318]]",1.025,82.4811,0,,
8,8,9vit,"[1, 2, 3, 4, 5, 6, 7, 8, 9, 10, 11, 12, 13, 14, 15, 16, 17, 18, 19, 20, 21, 22, 23, 24, 25, 26, 27, 28, 29, 30]","[0.1997, 0.0652, 0.0354, 0.0234, 0.0174, 0.0145, 0.0129, 0.0118, 0.011, 0.0104, 0.0098, 0.0094, 0.009, 0.0087, 0.0083, 0.008, 0.007, 0.006, 0.0058, 0.0055, 0.0052, 0.0048, 0.0044, 0.0041, 0.0038, 0.0036, 0.0035, 0.0034, 0.0034, 0.0034]","[0.12393, 0.08945, 0.0437, 0.04441, 0.04218, 0.04027, 0.04573, 0.04382, 0.04319, 0.04419, 0.04542, 0.04337, 0.0498, 0.04506, 0.08109, 0.01363, 0.03415, 0.03705, 0.03991, 0.0383, 0.04325, 0.04702, 0.04573, 0.04228, 0.05825, 0.05261, 0.04999, 0.05177, 0.05087, 0.05037]",0.04697,0.98652,1.05212,0.03507,44374.0576,"[[0.02253, 0.01165, 0.00638, 0.00479, 0.00447, 0.00398, 0.00378, 0.00402, 0.00351, 0.00337, 0.00351, 0.00337, 0.00344, 0.00342, 0.00333, 0.00333, 0.00332, 0.00334, 0.00355, 0.00336, 0.00346, 0.00346, 0.00345, 0.00346, 0.00357, 0.00365, 0.00357, 0.00356, 0.00355, 0.00355, 0.00356, 0.00353, 0.00354, 0.00356, 0.00354, 0.00356, 0.00357, 0.00358, 0.0036, 0.0036, 0.00362, 0.00362, 0.00364, 0.00366, 0.00367, 0.0037, 0.00372, 0.00375, 0.00376, 0.00378, 0.00381, 0.00402, 0.00386, 0.00386, 0.00387, 0.00388, 0.0039, 0.00392, 0.00392, 0.00393, 0.00394, 0.00396, 0.00399, 0.00399, 0.00401, 0.00403, 0.00404, 0.00408, 0.00409, 0.00412, 0.00415, 0.00418, 0.00423, 0.00424, 0.00428, 0.00427, 0.00431, 0.00428, 0.0043, 0.00432, 0.00435, 0.00435, 0.00438, 0.00441, 0.00441, 0.00444, 0.00445, 0.00446, 0.00447, 0.00449, 0.00451, 0.00452, 0.00454, 0.00455, 0.00459, 0.00459, 0.00461, 0.00462, 0.00464, 0.00465, 0.00466, 0.00468, 0.00468, 0.00473, 0.00471, 0.00472, 0.00474, 0.00477, 0.00477, 0.00479, 0.0048, 0.00481, 0.00482, 0.00482, 0.00484, 0.00485, 0.00485, 0.00485, 0.00486, 0.00487, 0.00488, 0.00488, 0.00487, 0.00488, 0.00488, 0.00487, 0.00486, 0.00485, 0.00485, 0.00483, 0.00483, 0.00482, 0.00483, 0.00481, 0.00481, 0.00481, 0.0048, 0.00477, 0.00477, 0.00477, 0.00476, 0.00474, 0.00475, 0.00473, 0.00471, 0.0047, 0.0047, 0.00468, 0.00469, 0.00466, 0.00464, 0.00462, 0.0046, 0.0048, 0.00455, 0.00453, 0.00451, 0.0045, 0.00449, 0.00448, 0.00446, 0.00445, 0.00443, 0.00442, 0.00439, 0.00437, 0.00435, 0.00432, 0.0043, 0.00428, 0.00424, 0.0042, 0.00415, 0.00411, 0.00411, 0.00404, 0.004, 0.00395, 0.0039, 0.00385, 0.00382, 0.00378, 0.00375, 0.00373, 0.00369, 0.00365, 0.0036, 0.00357, 0.00354, 0.00349, 0.00345, 0.00341, 0.00338, 0.00343, 0.00329, 0.00326, 0.00321, 0.00317, 0.00313, 0.00308, 0.00304, 0.003, 0.00295, 0.00291, 0.00287, 0.00284, 0.00279, 0.00275, 0.00273, 0.00268, 0.00264, 0.00261, 0.0026, 0.00257, 0.00253, 0.00248, 0.00244, 0.00241, 0.00237, 0.00232, 0.0023, 0.00226, 0.00221, 0.00217, 0.00213, 0.00209, 0.0021, 0.00204, 0.00207, 0.00198, 0.00193, 0.00191, 0.00216, 0.00183, 0.00178, 0.00175, 0.00173, 0.00178, 0.00169, 0.00181, 0.00164, 0.00167, 0.00162, 0.00155, 0.00153, 0.00149, 0.0015, 0.00151, 0.00157, 0.00166, 0.00175, 0.0019, 0.0021, 0.00225, 0.00273, 0.01935], [0.01936, 0.00845, 0.00497, 0.00405, 0.00381, 0.00378, 0.00384, 0.00431, 0.00386, 0.00378, 0.00383, 0.00392, 0.00402, 0.00408, 0.0044, 0.00491, 0.00595, 0.00577, 0.00481, 0.00505, 0.00451, 0.00438, 0.00442, 0.00435, 0.00436, 0.00441, 0.00452, 0.00446, 0.00444, 0.00447, 0.00446, 0.00449, 0.0045, 0.00451, 0.00453, 0.00458, 0.00464, 0.00464, 0.00463, 0.0046, 0.0046, 0.00462, 0.00463, 0.00465, 0.00464, 0.00464, 0.00467, 0.00469, 0.00466, 0.00463, 0.00463, 0.00466, 0.00466, 0.00464, 0.00464, 0.00466, 0.00467, 0.00469, 0.00471, 0.0047, 0.00471, 0.00473, 0.00473, 0.00472, 0.00471, 0.00471, 0.0047, 0.00471, 0.00472, 0.0047, 0.00469, 0.00472, 0.00473, 0.00477, 0.00479, 0.00481, 0.00478, 0.00479, 0.00477, 0.00479, 0.00481, 0.00483, 0.00484, 0.00486, 0.00486, 0.00486, 0.00489, 0.00491, 0.00489, 0.00488, 0.0049, 0.00491, 0.00491, 0.0049, 0.00491, 0.00493, 0.00495, 0.00496, 0.00498, 0.00502, 0.00502, 0.00502, 0.00501, 0.00521, 0.00501, 0.00499, 0.00499, 0.00501, 0.005, 0.005, 0.005, 0.00499, 0.00498, 0.00496, 0.00498, 0.00499, 0.005, 0.00499, 0.00497, 0.00495, 0.00494, 0.00492, 0.00494, 0.00494, 0.00493, 0.00492, 0.0049, 0.0049, 0.00489, 0.00488, 0.00486, 0.00484, 0.00484, 0.00484, 0.00484, 0.00484, 0.00483, 0.00479, 0.00474, 0.0047, 0.00466, 0.00465, 0.00464, 0.0046, 0.00457, 0.00454, 0.00451, 0.00449, 0.00446, 0.00444, 0.00443, 0.00441, 0.00437, 0.00454, 0.00428, 0.00425, 0.00421, 0.00416, 0.00412, 0.00408, 0.00404, 0.00401, 0.00397, 0.00393, 0.00389, 0.00384, 0.00381, 0.00378, 0.00374, 0.00369, 0.00364, 0.00359, 0.00354, 0.00348, 0.00345, 0.00342, 0.00337, 0.00333, 0.00327, 0.00323, 0.00318, 0.00315, 0.00312, 0.00308, 0.00305, 0.00301, 0.00296, 0.00293, 0.00291, 0.00285, 0.00281, 0.00277, 0.00273, 0.0027, 0.00266, 0.00263, 0.00258, 0.00253, 0.00249, 0.00246, 0.00243, 0.00239, 0.00235, 0.00231, 0.00229, 0.00225, 0.00229, 0.00216, 0.00212, 0.00208, 0.00205, 0.00203, 0.00201, 0.00198, 0.00192, 0.00186, 0.00182, 0.00178, 0.00176, 0.00171, 0.00166, 0.00163, 0.0016, 0.00155, 0.00152, 0.00148, 0.00146, 0.00143, 0.00148, 0.00135, 0.00136, 0.00134, 0.00158, 0.00129, 0.00127, 0.00118, 0.00118, 0.00119, 0.0012, 0.00129, 0.00107, 0.0011, 0.00105, 0.00097, 0.00093, 0.00088, 0.00088, 0.00087, 0.0009, 0.00092, 0.00095, 0.00103, 0.00123, 0.00158, 0.00208, 0.01596], [0.03602, 0.01309, 0.00969, 0.00855, 0.00861, 0.00882, 0.0079, 0.00809, 0.00753, 0.00735, 0.00727, 0.00724, 0.00728, 0.0072, 0.00734, 0.00728, 0.00725, 0.00714, 0.00721, 0.0071, 0.00704, 0.00698, 0.00693, 0.00683, 0.00682, 0.00675, 0.00683, 0.0069, 0.00729, 0.00722, 0.00775, 0.00763, 0.00685, 0.00673, 0.00639, 0.00624, 0.00621, 0.00608, 0.00603, 0.00599, 0.00597, 0.00592, 0.00587, 0.00584, 0.0058, 0.00576, 0.00573, 0.00571, 0.00565, 0.00564, 0.00556, 0.00555, 0.00553, 0.00547, 0.00545, 0.0054, 0.0054, 0.00536, 0.00537, 0.0053, 0.00528, 0.00524, 0.00522, 0.00518, 0.00517, 0.00513, 0.00511, 0.00509, 0.00505, 0.00503, 0.005, 0.00499, 0.00496, 0.00494, 0.00492, 0.00489, 0.00489, 0.00485, 0.00482, 0.00478, 0.00477, 0.00475, 0.00475, 0.00473, 0.0047, 0.00468, 0.00466, 0.00463, 0.0046, 0.00459, 0.00457, 0.00456, 0.00454, 0.00453, 0.00451, 0.00449, 0.00447, 0.00445, 0.00442, 0.00438, 0.00436, 0.00433, 0.0043, 0.00431, 0.00424, 0.00423, 0.00419, 0.00419, 0.00415, 0.00414, 0.0041, 0.00409, 0.00406, 0.00404, 0.00402, 0.00399, 0.00397, 0.00395, 0.00392, 0.00388, 0.00388, 0.00384, 0.00382, 0.00379, 0.00378, 0.00374, 0.00372, 0.00371, 0.00368, 0.00366, 0.00364, 0.00359, 0.00356, 0.00353, 0.00351, 0.00347, 0.00344, 0.0034, 0.00337, 0.00333, 0.0033, 0.00327, 0.00323, 0.00321, 0.00317, 0.00313, 0.0031, 0.00306, 0.00303, 0.00301, 0.00298, 0.00295, 0.00292, 0.00334, 0.00284, 0.00279, 0.00276, 0.00273, 0.00269, 0.00266, 0.00263, 0.00259, 0.00255, 0.00252, 0.00248, 0.00244, 0.00242, 0.00239, 0.00236, 0.00234, 0.00231, 0.00229, 0.00225, 0.00222, 0.0022, 0.00217, 0.00214, 0.00212, 0.00209, 0.00206, 0.00204, 0.00201, 0.00199, 0.00197, 0.00196, 0.00193, 0.00191, 0.00188, 0.00187, 0.00184, 0.00182, 0.00179, 0.00176, 0.00174, 0.00171, 0.00168, 0.00166, 0.00163, 0.0016, 0.00156, 0.00154, 0.00151, 0.00148, 0.00146, 0.00143, 0.00141, 0.00138, 0.00136, 0.00133, 0.00131, 0.00128, 0.00127, 0.00125, 0.00124, 0.00123, 0.00121, 0.00119, 0.00114, 0.00111, 0.0011, 0.00106, 0.00105, 0.00103, 0.00101, 0.00099, 0.00098, 0.00095, 0.00096, 0.00101, 0.00093, 0.00092, 0.00094, 0.00117, 0.00086, 0.00089, 0.00079, 0.00081, 0.00087, 0.00077, 0.00091, 0.00078, 0.0008, 0.00076, 0.0008, 0.0008, 0.00074, 0.00078, 0.00074, 0.0008, 0.00078, 0.00088, 0.00092, 0.00089, 0.00115, 0.00134, 0.01587]]",0.872,44373.1856,1,,
9,9,9vitRandomWeight,"[1, 2, 3, 4, 5, 6, 7, 8, 9, 10, 11, 12, 13, 14, 15, 16, 17, 18, 19, 20, 21, 22, 23, 24, 25, 26, 27, 28, 29, 30]","[0.6349, 0.5681, 0.5427, 0.4911, 0.4404, 0.3996, 0.3754, 0.3204, 0.3053, 0.2669, 0.2405, 0.2312, 0.1901, 0.157, 0.1415, 0.1244, 0.0996, 0.081, 0.0771, 0.0599, 0.0509, 0.0411, 0.0365, 0.0319, 0.0155, 0.0113, 0.007, 0.0052, 0.004, 0.0032]","[0.53349, 0.41764, 0.5429, 0.85095, 0.6447, 0.70074, 0.30222, 0.37193, 0.59494, 0.51994, 0.38676, 0.73997, 0.55202, 0.52303, 0.53488, 0.62104, 0.66899, 0.87302, 0.73344, 0.80703, 0.94105, 0.92363, 0.87417, 0.7047, 0.8633, 1.13483, 1.16503, 1.14057, 1.18518, 1.16896]",1.16576,0.83154,16.08387,0.53613,8.5465,"[[0.02253, 0.01165, 0.00638, 0.00479, 0.00447, 0.00398, 0.00378, 0.00402, 0.00351, 0.00337, 0.00351, 0.00337, 0.00344, 0.00342, 0.00333, 0.00333, 0.00332, 0.00334, 0.00355, 0.00336, 0.00346, 0.00346, 0.00345, 0.00346, 0.00357, 0.00365, 0.00357, 0.00356, 0.00355, 0.00355, 0.00356, 0.00353, 0.00354, 0.00356, 0.00354, 0.00356, 0.00357, 0.00358, 0.0036, 0.0036, 0.00362, 0.00362, 0.00364, 0.00366, 0.00367, 0.0037, 0.00372, 0.00375, 0.00376, 0.00378, 0.00381, 0.00402, 0.00386, 0.00386, 0.00387, 0.00388, 0.0039, 0.00392, 0.00392, 0.00393, 0.00394, 0.00396, 0.00399, 0.00399, 0.00401, 0.00403, 0.00404, 0.00408, 0.00409, 0.00412, 0.00415, 0.00418, 0.00423, 0.00424, 0.00428, 0.00427, 0.00431, 0.00428, 0.0043, 0.00432, 0.00435, 0.00435, 0.00438, 0.00441, 0.00441, 0.00444, 0.00445, 0.00446, 0.00447, 0.00449, 0.00451, 0.00452, 0.00454, 0.00455, 0.00459, 0.00459, 0.00461, 0.00462, 0.00464, 0.00465, 0.00466, 0.00468, 0.00468, 0.00473, 0.00471, 0.00472, 0.00474, 0.00477, 0.00477, 0.00479, 0.0048, 0.00481, 0.00482, 0.00482, 0.00484, 0.00485, 0.00485, 0.00485, 0.00486, 0.00487, 0.00488, 0.00488, 0.00487, 0.00488, 0.00488, 0.00487, 0.00486, 0.00485, 0.00485, 0.00483, 0.00483, 0.00482, 0.00483, 0.00481, 0.00481, 0.00481, 0.0048, 0.00477, 0.00477, 0.00477, 0.00476, 0.00474, 0.00475, 0.00473, 0.00471, 0.0047, 0.0047, 0.00468, 0.00469, 0.00466, 0.00464, 0.00462, 0.0046, 0.0048, 0.00455, 0.00453, 0.00451, 0.0045, 0.00449, 0.00448, 0.00446, 0.00445, 0.00443, 0.00442, 0.00439, 0.00437, 0.00435, 0.00432, 0.0043, 0.00428, 0.00424, 0.0042, 0.00415, 0.00411, 0.00411, 0.00404, 0.004, 0.00395, 0.0039, 0.00385, 0.00382, 0.00378, 0.00375, 0.00373, 0.00369, 0.00365, 0.0036, 0.00357, 0.00354, 0.00349, 0.00345, 0.00341, 0.00338, 0.00343, 0.00329, 0.00326, 0.00321, 0.00317, 0.00313, 0.00308, 0.00304, 0.003, 0.00295, 0.00291, 0.00287, 0.00284, 0.00279, 0.00275, 0.00273, 0.00268, 0.00264, 0.00261, 0.0026, 0.00257, 0.00253, 0.00248, 0.00244, 0.00241, 0.00237, 0.00232, 0.0023, 0.00226, 0.00221, 0.00217, 0.00213, 0.00209, 0.0021, 0.00204, 0.00207, 0.00198, 0.00193, 0.00191, 0.00216, 0.00183, 0.00178, 0.00175, 0.00173, 0.00178, 0.00169, 0.00181, 0.00164, 0.00167, 0.00162, 0.00155, 0.00153, 0.00149, 0.0015, 0.00151, 0.00157, 0.00166, 0.00175, 0.0019, 0.0021, 0.00225, 0.00273, 0.01935], [0.01936, 0.00845, 0.00497, 0.00405, 0.00381, 0.00378, 0.00384, 0.00431, 0.00386, 0.00378, 0.00383, 0.00392, 0.00402, 0.00408, 0.0044, 0.00491, 0.00595, 0.00577, 0.00481, 0.00505, 0.00451, 0.00438, 0.00442, 0.00435, 0.00436, 0.00441, 0.00452, 0.00446, 0.00444, 0.00447, 0.00446, 0.00449, 0.0045, 0.00451, 0.00453, 0.00458, 0.00464, 0.00464, 0.00463, 0.0046, 0.0046, 0.00462, 0.00463, 0.00465, 0.00464, 0.00464, 0.00467, 0.00469, 0.00466, 0.00463, 0.00463, 0.00466, 0.00466, 0.00464, 0.00464, 0.00466, 0.00467, 0.00469, 0.00471, 0.0047, 0.00471, 0.00473, 0.00473, 0.00472, 0.00471, 0.00471, 0.0047, 0.00471, 0.00472, 0.0047, 0.00469, 0.00472, 0.00473, 0.00477, 0.00479, 0.00481, 0.00478, 0.00479, 0.00477, 0.00479, 0.00481, 0.00483, 0.00484, 0.00486, 0.00486, 0.00486, 0.00489, 0.00491, 0.00489, 0.00488, 0.0049, 0.00491, 0.00491, 0.0049, 0.00491, 0.00493, 0.00495, 0.00496, 0.00498, 0.00502, 0.00502, 0.00502, 0.00501, 0.00521, 0.00501, 0.00499, 0.00499, 0.00501, 0.005, 0.005, 0.005, 0.00499, 0.00498, 0.00496, 0.00498, 0.00499, 0.005, 0.00499, 0.00497, 0.00495, 0.00494, 0.00492, 0.00494, 0.00494, 0.00493, 0.00492, 0.0049, 0.0049, 0.00489, 0.00488, 0.00486, 0.00484, 0.00484, 0.00484, 0.00484, 0.00484, 0.00483, 0.00479, 0.00474, 0.0047, 0.00466, 0.00465, 0.00464, 0.0046, 0.00457, 0.00454, 0.00451, 0.00449, 0.00446, 0.00444, 0.00443, 0.00441, 0.00437, 0.00454, 0.00428, 0.00425, 0.00421, 0.00416, 0.00412, 0.00408, 0.00404, 0.00401, 0.00397, 0.00393, 0.00389, 0.00384, 0.00381, 0.00378, 0.00374, 0.00369, 0.00364, 0.00359, 0.00354, 0.00348, 0.00345, 0.00342, 0.00337, 0.00333, 0.00327, 0.00323, 0.00318, 0.00315, 0.00312, 0.00308, 0.00305, 0.00301, 0.00296, 0.00293, 0.00291, 0.00285, 0.00281, 0.00277, 0.00273, 0.0027, 0.00266, 0.00263, 0.00258, 0.00253, 0.00249, 0.00246, 0.00243, 0.00239, 0.00235, 0.00231, 0.00229, 0.00225, 0.00229, 0.00216, 0.00212, 0.00208, 0.00205, 0.00203, 0.00201, 0.00198, 0.00192, 0.00186, 0.00182, 0.00178, 0.00176, 0.00171, 0.00166, 0.00163, 0.0016, 0.00155, 0.00152, 0.00148, 0.00146, 0.00143, 0.00148, 0.00135, 0.00136, 0.00134, 0.00158, 0.00129, 0.00127, 0.00118, 0.00118, 0.00119, 0.0012, 0.00129, 0.00107, 0.0011, 0.00105, 0.00097, 0.00093, 0.00088, 0.00088, 0.00087, 0.0009, 0.00092, 0.00095, 0.00103, 0.00123, 0.00158, 0.00208, 0.01596], [0.03602, 0.01309, 0.00969, 0.00855, 0.00861, 0.00882, 0.0079, 0.00809, 0.00753, 0.00735, 0.00727, 0.00724, 0.00728, 0.0072, 0.00734, 0.00728, 0.00725, 0.00714, 0.00721, 0.0071, 0.00704, 0.00698, 0.00693, 0.00683, 0.00682, 0.00675, 0.00683, 0.0069, 0.00729, 0.00722, 0.00775, 0.00763, 0.00685, 0.00673, 0.00639, 0.00624, 0.00621, 0.00608, 0.00603, 0.00599, 0.00597, 0.00592, 0.00587, 0.00584, 0.0058, 0.00576, 0.00573, 0.00571, 0.00565, 0.00564, 0.00556, 0.00555, 0.00553, 0.00547, 0.00545, 0.0054, 0.0054, 0.00536, 0.00537, 0.0053, 0.00528, 0.00524, 0.00522, 0.00518, 0.00517, 0.00513, 0.00511, 0.00509, 0.00505, 0.00503, 0.005, 0.00499, 0.00496, 0.00494, 0.00492, 0.00489, 0.00489, 0.00485, 0.00482, 0.00478, 0.00477, 0.00475, 0.00475, 0.00473, 0.0047, 0.00468, 0.00466, 0.00463, 0.0046, 0.00459, 0.00457, 0.00456, 0.00454, 0.00453, 0.00451, 0.00449, 0.00447, 0.00445, 0.00442, 0.00438, 0.00436, 0.00433, 0.0043, 0.00431, 0.00424, 0.00423, 0.00419, 0.00419, 0.00415, 0.00414, 0.0041, 0.00409, 0.00406, 0.00404, 0.00402, 0.00399, 0.00397, 0.00395, 0.00392, 0.00388, 0.00388, 0.00384, 0.00382, 0.00379, 0.00378, 0.00374, 0.00372, 0.00371, 0.00368, 0.00366, 0.00364, 0.00359, 0.00356, 0.00353, 0.00351, 0.00347, 0.00344, 0.0034, 0.00337, 0.00333, 0.0033, 0.00327, 0.00323, 0.00321, 0.00317, 0.00313, 0.0031, 0.00306, 0.00303, 0.00301, 0.00298, 0.00295, 0.00292, 0.00334, 0.00284, 0.00279, 0.00276, 0.00273, 0.00269, 0.00266, 0.00263, 0.00259, 0.00255, 0.00252, 0.00248, 0.00244, 0.00242, 0.00239, 0.00236, 0.00234, 0.00231, 0.00229, 0.00225, 0.00222, 0.0022, 0.00217, 0.00214, 0.00212, 0.00209, 0.00206, 0.00204, 0.00201, 0.00199, 0.00197, 0.00196, 0.00193, 0.00191, 0.00188, 0.00187, 0.00184, 0.00182, 0.00179, 0.00176, 0.00174, 0.00171, 0.00168, 0.00166, 0.00163, 0.0016, 0.00156, 0.00154, 0.00151, 0.00148, 0.00146, 0.00143, 0.00141, 0.00138, 0.00136, 0.00133, 0.00131, 0.00128, 0.00127, 0.00125, 0.00124, 0.00123, 0.00121, 0.00119, 0.00114, 0.00111, 0.0011, 0.00106, 0.00105, 0.00103, 0.00101, 0.00099, 0.00098, 0.00095, 0.00096, 0.00101, 0.00093, 0.00092, 0.00094, 0.00117, 0.00086, 0.00089, 0.00079, 0.00081, 0.00087, 0.00077, 0.00091, 0.00078, 0.0008, 0.00076, 0.0008, 0.0008, 0.00074, 0.00078, 0.00074, 0.0008, 0.00078, 0.00088, 0.00092, 0.00089, 0.00115, 0.00134, 0.01587]]",0.872,7.6745,0,,
